Workbook

Sheet ORDERS
A1: Order ID | B1: Date | C1: Sales | D1: New Party | E1: Route | F1: Party Code | G1: Party Name | H1: Area | I1: Remarks | J1: Tank | K1: Size | L1: Qty | M1: Col | N1: Lay | O1: Rate | P1: Tank | Q1: Size | R1: Qty | S1: Col | T1: Lay | U1: Rate | V1: Tank | W1: Size | X1: Qty | Y1: Col | Z1: Lay | AA1: Rate | AB1: Tank | AC1: Size | AD1: Qty | AE1: Col | AF1: Lay | AG1: Rate | AH1: Tank | AI1: Size | AJ1: Qty | AK1: Col | AL1: Lay | AM1: Rate | AN1: Tank | AO1: Size | AP1: Qty | AQ1: Col | AR1: Lay | AS1: Rate | AT1: Tank | AU1: Size | AV1: Qty | AW1: Col | AX1: Lay | AY1: Rate | AZ1: Tank | BA1: Size | BB1: Qty | BC1: Col | BD1: Lay | BE1: Rate | BF1: Tank | BG1: Size | BH1: Qty | BI1: Col | BJ1: Lay | BK1: Rate | BL1: Tank | BM1: Size | BN1: Qty | BO1: Col | BP1: Lay | BQ1: Rate | BR1: Terms | BS1: Site Delivery | BT1: =K1*L1+Q1*R1+W1*X1+AC1*AD1+AI1*AJ1+AO1*AP1+AU1*AV1+BA1*BB1+BG1*BH1+BM1*BN1 -> #VALUE!
A2: 21175 | B2: 46020 | C2: BR | D2: No | E2: Dave | F2: SHIV18 | G2: Dhanlaxmi Hw | H2: Santebennur | J2: AG | K2: 500 | L2: 2 | M2: Y | N2: 3L | O2: 4.2 | P2: AG | Q2: 500 | R2: 2 | S2: W | T2: 3L | U2: 4.2 | V2: AG | W2: 750 | X2: 2 | Y2: W | Z2: 3L | AA2: 4.2 | BR2: 7 days | BT2: =K2*L2+Q2*R2+W2*X2+AC2*AD2+AI2*AJ2+AO2*AP2+AU2*AV2+BA2*BB2+BG2*BH2+BM2*BN2 -> 3500
A3: 21225 | B3: 46023 | C3: RP | D3: No | E3: BALL | F3: N R Ball 01 | G3: Vishnu Agency | H3: Parasuramapura | I3: 0.40 Cod | J3: AG | K3: 500 | L3: 5 | M3: Y | N3: 3L | O3: 3.6 | P3: AG | Q3: 500 | R3: 5 | S3: W | T3: 3L | U3: 3.6 | V3: AG | W3: 750 | X3: 3 | Y3: W | Z3: 3L | AA3: 3.6 | AB3: AG | AC3: 750 | AD3: 3 | AE3: Y | AF3: 3L | AG3: 3.6 | BR3: 7 days | BT3: =K3*L3+Q3*R3+W3*X3+AC3*AD3+AI3*AJ3+AO3*AP3+AU3*AV3+BA3*BB3+BG3*BH3+BM3*BN3 -> 9500
A4: 21223 | B4: 46022 | C4: BR | D4: No | E4: Hass | F4: Nagamangala | G4: Saraswati enterprise | H4: Nagamangala | J4: AG | K4: 1000 | L4: 3 | M4: W | N4: 3L | O4: 3.5 | P4: AG | Q4: 500 | R4: 2 | S4: W | T4: 3L | U4: 3.5 | V4: AG | W4: 1500 | X4: 1 | Y4: W | Z4: 3L | AA4: ,3.50 | AB4: AG | AC4: 2000 | AD4: 1 | AE4: W | AF4: 3L | AG4: 3.5 | AH4: AG | AI4: 1000 | AJ4: 2 | AK4: Y | AL4: 3L | AM4: 3.5 | AN4: AG | AO4: 500 | AP4: 3 | AQ4: Y | AR4: 3L | AS4: 3.5 | BR4: COD | BS4: 3.50 +50 | BT4: =K4*L4+Q4*R4+W4*X4+AC4*AD4+AI4*AJ4+AO4*AP4+AU4*AV4+BA4*BB4+BG4*BH4+BM4*BN4 -> 11000
A5: 21178 | B5: 46021 | C5: BR | D5: No | E5: Hubli | F5: Kumta | G5: Raj granite | H5: Kumta | J5: AG | K5: 1000 | L5: 10 | M5: Y | N5: 3L | O5: 3.8 | P5: AG | Q5: 1000 | R5: 8 | S5: F | T5: 3L | U5: 3.8 | BR5: COD | BT5: =K5*L5+Q5*R5+W5*X5+AC5*AD5+AI5*AJ5+AO5*AP5+AU5*AV5+BA5*BB5+BG5*BH5+BM5*BN5 -> 18000
A6: 21185 | B6: 46021 | C6: BR | D6: No | E6: Hubli | F6: Kustagi | G6: Pawan traders | H6: Kustagi | J6: AG | K6: 750 | L6: 10 | M6: Y | N6: 3L | O6: 3.8 | P6: AG | Q6: 1000 | R6: 10 | S6: Y | T6: 3L | U6: 3.8 | BR6: COD | BT6: =K6*L6+Q6*R6+W6*X6+AC6*AD6+AI6*AJ6+AO6*AP6+AU6*AV6+BA6*BB6+BG6*BH6+BM6*BN6 -> 17500
A7: 21226 | B7: 46023 | C7: RP | D7: No | E7: R1 | F7: N R 199 | G7: Mahalakshmi Ele&Hw | H7: Doddaballapur | J7: AG | K7: 1000 | L7: 2 | M7: W | N7: 3L | O7: 4.3 | P7: AG | Q7: 1000 | R7: 1 | S7: Y | T7: 3L | U7: 4.3 | BR7: 7 days | BT7: =K7*L7+Q7*R7+W7*X7+AC7*AD7+AI7*AJ7+AO7*AP7+AU7*AV7+BA7*BB7+BG7*BH7+BM7*BN7 -> 3000
A8: 21227 | B8: 46023 | C8: RP | D8: No | E8: R1 | F8: R 101 | G8: Balaji Hw&Ele | H8: Doddaballapur | I8: 0.40 Cod | J8: AG | K8: 1500 | L8: 1 | M8: Y | N8: 3L | O8: 3.7 | BR8: 7 days | BS8: 8867438103 | BT8: =K8*L8+Q8*R8+W8*X8+AC8*AD8+AI8*AJ8+AO8*AP8+AU8*AV8+BA8*BB8+BG8*BH8+BM8*BN8 -> 1500
A9: 21228 | B9: 46023 | C9: RP | D9: No | E9: R1 | F9: N R 110 | G9: Raj Lakshmi Hw&Ele | H9: Sadahalli | I9: 0.40 Cod | J9: AG | K9: 1000 | L9: 1 | M9: Y | N9: 3L | O9: 3.7 | P9: AG | Q9: 500 | R9: 1 | S9: Y | T9: 3L | U9: 3.7 | BR9: 7 days | BT9: =K9*L9+Q9*R9+W9*X9+AC9*AD9+AI9*AJ9+AO9*AP9+AU9*AV9+BA9*BB9+BG9*BH9+BM9*BN9 -> 1500
A10: 21232 | B10: 46023 | C10: MG | D10: No | E10: R1 | F10: 218 | G10: Aditya enterprise | H10: Jakkur | J10: AG | K10: 1500 | L10: 1 | M10: Y | N10: 3L | O10: 4.2 | BR10: 7 days | BT10: =K10*L10+Q10*R10+W10*X10+AC10*AD10+AI10*AJ10+AO10*AP10+AU10*AV10+BA10*BB10+BG10*BH10+BM10*BN10 -> 1500
A11: 21233 | B11: 46023 | C11: RP | D11: No | E11: R1 | F11: R 129 | G11: Ramdev Ele&Hw | H11: Bagalur | I11: 0.40 Cod | J11: AG | K11: 1000 | L11: 1 | M11: Y | N11: 3L | O11: 3.7 | BR11: 7 days | BT11: =K11*L11+Q11*R11+W11*X11+AC11*AD11+AI11*AJ11+AO11*AP11+AU11*AV11+BA11*BB11+BG11*BH11+BM11*BN11 -> 1000
A12: 21234 | B12: 46023 | C12: RP | D12: No | E12: R1 | F12: N R 107 | G12: Clty Hw&Ele | H12: Hosahalli | I12: 0.40 Cod | J12: AG | K12: 1000 | L12: 2 | M12: Y | N12: 3L | O12: 3.7 | BR12: 7 days | BT12: =K12*L12+Q12*R12+W12*X12+AC12*AD12+AI12*AJ12+AO12*AP12+AU12*AV12+BA12*BB12+BG12*BH12+BM12*BN12 -> 2000
A13: 21235 | B13: 46024 | C13: BR | D13: No | E13: R1 | F13: 137 | G13: Ganga traders | H13: Boopsandra | J13: AG | K13: 1000 | L13: 1 | M13: Y | N13: 3L | O13: 4.2 | BR13: COD | BT13: =K13*L13+Q13*R13+W13*X13+AC13*AD13+AI13*AJ13+AO13*AP13+AU13*AV13+BA13*BB13+BG13*BH13+BM13*BN13 -> 1000
A14: 21219 | B14: 46022 | C14: RP | D14: No | E14: R1 | F14: N R 112 | G14: Jagdamba Hw/Ele | H14: Thammenahalli | J14: AG | K14: 1000 | L14: 2 | M14: W | N14: 5L | O14: 5.2 | BR14: 7 days | BS14: 9606138634 | BT14: =K14*L14+Q14*R14+W14*X14+AC14*AD14+AI14*AJ14+AO14*AP14+AU14*AV14+BA14*BB14+BG14*BH14+BM14*BN14 -> 2000
A15: 21241 | B15: 46024 | C15: MG | D15: No | E15: R1 | F15: 125 | G15: Sai Shiva traders | H15: Soladevanahalli | I15: 9980931990 | J15: AG | K15: 2000 | L15: 1 | M15: W | N15: 3L | O15: 4.2 | BR15: 7 days | BT15: =K15*L15+Q15*R15+W15*X15+AC15*AD15+AI15*AJ15+AO15*AP15+AU15*AV15+BA15*BB15+BG15*BH15+BM15*BN15 -> 2000
A16: 21221 | B16: 46022 | C16: MG | D16: No | E16: R2 | F16: R263 | G16: Harsha hardware | H16: Doddagubi | J16: AG | K16: 1000 | L16: 1 | M16: Y | N16: 3L | O16: 4.2 | BR16: 7 days | BT16: =K16*L16+Q16*R16+W16*X16+AC16*AD16+AI16*AJ16+AO16*AP16+AU16*AV16+BA16*BB16+BG16*BH16+BM16*BN16 -> 1000
A17: 21229 | B17: 46023 | C17: RP | D17: No | E17: R2 | F17: N M101 | G17: Classic Hw/ | H17: Doddagubbi | I17: 0.40 Cod | J17: AG | K17: 1000 | L17: 2 | M17: W | N17: 3L | O17: 3.7 | BR17: 7 days | BS17: 8220310360 | BT17: =K17*L17+Q17*R17+W17*X17+AC17*AD17+AI17*AJ17+AO17*AP17+AU17*AV17+BA17*BB17+BG17*BH17+BM17*BN17 -> 2000
A18: 21231 | B18: 46023 | C18: MG | D18: No | E18: R2 | F18: 218 | G18: Aditya enterprise | H18: D j Halli | I18: .40 cod | J18: AG | K18: 750 | L18: 4 | M18: Y | N18: 3L | O18: 3.55 | BR18: 7 days | BT18: =K18*L18+Q18*R18+W18*X18+AC18*AD18+AI18*AJ18+AO18*AP18+AU18*AV18+BA18*BB18+BG18*BH18+BM18*BN18 -> 3000
A19: 21237 | B19: 46024 | C19: RP | D19: No | E19: R2 | F19: R 232 | G19: G K Trader | H19: K G Halli | I19: 0.40 Cod | J19: AG | K19: 1000 | L19: 2 | M19: Y | N19: 3L | O19: 3.7 | BR19: 7 days | BT19: =K19*L19+Q19*R19+W19*X19+AC19*AD19+AI19*AJ19+AO19*AP19+AU19*AV19+BA19*BB19+BG19*BH19+BM19*BN19 -> 2000
A20: 21239 | B20: 46024 | C20: MG | D20: No | E20: R2 | F20: 248 | G20: Sai ceramic | H20: T s Halli | I20: .40 cod | J20: AG | K20: 2000 | L20: 1 | M20: Y | N20: 3L | O20: 3.8 | P20: AG | Q20: 1000 | R20: 2 | S20: Y | T20: 3L | U20: 3.8 | V20: AG | W20: 500 | X20: 2 | Y20: Y | Z20: 3L | AA20: 3.8 | BR20: 7 days | BT20: =K20*L20+Q20*R20+W20*X20+AC20*AD20+AI20*AJ20+AO20*AP20+AU20*AV20+BA20*BB20+BG20*BH20+BM20*BN20 -> 5000
A21: 21240 | B21: 46024 | C21: MG | D21: No | E21: R2 | F21: 125 | G21: Sai Shiva traders | H21: Laggere | J21: AG | K21: 1000 | L21: 1 | M21: W | N21: 3L | O21: 4.2 | BR21: 7 days | BS21: 9980931990 | BT21: =K21*L21+Q21*R21+W21*X21+AC21*AD21+AI21*AJ21+AO21*AP21+AU21*AV21+BA21*BB21+BG21*BH21+BM21*BN21 -> 1000
A22: 21236 | B22: 46024 | C22: BR | D22: No | E22: R3 | F22: BR 301 | G22: Mahendra Hw | H22: Bolare kanakpura mn road | J22: AG | K22: 1000 | L22: 2 | M22: Y | N22: 3L | O22: 4.2 | P22: AG | Q22: 500 | R22: 1 | S22: Y | T22: 3L | U22: 4.2 | BR22: COD | BT22: =K22*L22+Q22*R22+W22*X22+AC22*AD22+AI22*AJ22+AO22*AP22+AU22*AV22+BA22*BB22+BG22*BH22+BM22*BN22 -> 2500
A23: 21208 | B23: 46022 | C23: SB | D23: No | E23: R5 | F23: G721 | G23: Ppsh/w& paints | H23: Mysore road.guddadahalli | J23: AG | K23: 1500 | L23: 3 | M23: Y | N23: 3L | O23: 4.2 | BR23: 7 days | BS23: 9980475875.Aslam.guddadahalli.mysore road | BT23: =K23*L23+Q23*R23+W23*X23+AC23*AD23+AI23*AJ23+AO23*AP23+AU23*AV23+BA23*BB23+BG23*BH23+BM23*BN23 -> 4500
A24: 21209 | B24: 46022 | C24: SB | D24: No | E24: R5 | F24: G721 | G24: Pps h/w&paints | H24: Gangondanahalli main road | J24: AG | K24: 1000 | L24: 2 | M24: Y | N24: 3L | O24: 4.2 | BR24: 7 days | BT24: =K24*L24+Q24*R24+W24*X24+AC24*AD24+AI24*AJ24+AO24*AP24+AU24*AV24+BA24*BB24+BG24*BH24+BM24*BN24 -> 2000
A25: 21222 | B25: 46022 | C25: SB | D25: No | E25: R7 | F25: 726 | G25: Lakshmi h/w | H25: Hegganahalli | J25: AG | K25: 1000 | L25: 1 | M25: Y | N25: 3L | O25: 4.2 | BR25: 7 days | BT25: =K25*L25+Q25*R25+W25*X25+AC25*AD25+AI25*AJ25+AO25*AP25+AU25*AV25+BA25*BB25+BG25*BH25+BM25*BN25 -> 1000
A26: 21224 | B26: 46022 | C26: BR | D26: No | E26: R7 | F26: BR 704 | G26: Mahaveer Hw | H26: Gollarahatti | J26: AG | K26: 1000 | L26: 1 | M26: Y | N26: 3L | O26: 4.2 | BR26: COD | BT26: =K26*L26+Q26*R26+W26*X26+AC26*AD26+AI26*AJ26+AO26*AP26+AU26*AV26+BA26*BB26+BG26*BH26+BM26*BN26 -> 1000
A27: 21220 | B27: 46022 | C27: A/C | D27: No | E27: R8 | F27: 803 | G27: EESHWARA ENT | H27: BOMMANAHALLI | J27: AG | K27: 3000 | L27: 1 | M27: Y | N27: 3L | O27: 4.3 | BR27: COD | BS27: SITE DELIVERY | BT27: =K27*L27+Q27*R27+W27*X27+AC27*AD27+AI27*AJ27+AO27*AP27+AU27*AV27+BA27*BB27+BG27*BH27+BM27*BN27 -> 3000
A28: 21122 | B28: 46018 | C28: BR | D28: No | E28: TMK | F28: Chikanayakanahalli | G28: Mylara traders | H28: Chikanayakanahalli | J28: AG | K28: 2000 | L28: 1 | M28: Y | N28: 3L | O28: 4.2 | P28: AG | Q28: 1000 | R28: 2 | S28: W | T28: 3L | U28: 4.2 | V28: AG | W28: 1000 | X28: 1 | Y28: Y | Z28: 3L | AA28: 4.2 | AB28: AG | AC28: 750 | AD28: 1 | AE28: Y | AF28: 3L | AG28: 4.2 | AH28: AG | AI28: 750 | AJ28: 1 | AK28: W | AL28: 3L | AM28: 4.2 | BR28: COD | BT28: =K28*L28+Q28*R28+W28*X28+AC28*AD28+AI28*AJ28+AO28*AP28+AU28*AV28+BA28*BB28+BG28*BH28+BM28*BN28 -> 6500
A29: 21230 | B29: 46023 | C29: RP | D29: No | E29: TMK | F29: N R Tmk 01 | G29: Indian pipes&Hw | H29: Tumkur | I29: 0.40 Cod | J29: AG | K29: 750 | L29: 5 | M29: W | N29: 3L | O29: 3.7 | P29: AG | Q29: 1000 | R29: 1 | S29: W | T29: 3L | U29: 3.7 | BR29: 7 days | BT29: =K29*L29+Q29*R29+W29*X29+AC29*AD29+AI29*AJ29+AO29*AP29+AU29*AV29+BA29*BB29+BG29*BH29+BM29*BN29 -> 4750
BJ30: =J30*K30+O30*P30+T30*U30+Y30*Z30+AD30*AE30+AI30*AJ30+AN30*AO30+AS30*AT30+AX30*AY30+BC30*BD30 -> 0
BJ31: =J31*K31+O31*P31+T31*U31+Y31*Z31+AD31*AE31+AI31*AJ31+AN31*AO31+AS31*AT31+AX31*AY31+BC31*BD31 -> 0
BJ32: =J32*K32+O32*P32+T32*U32+Y32*Z32+AD32*AE32+AI32*AJ32+AN32*AO32+AS32*AT32+AX32*AY32+BC32*BD32 -> 0
BJ33: =J33*K33+O33*P33+T33*U33+Y33*Z33+AD33*AE33+AI33*AJ33+AN33*AO33+AS33*AT33+AX33*AY33+BC33*BD33 -> 0
BJ34: =J34*K34+O34*P34+T34*U34+Y34*Z34+AD34*AE34+AI34*AJ34+AN34*AO34+AS34*AT34+AX34*AY34+BC34*BD34 -> 0
BJ35: =J35*K35+O35*P35+T35*U35+Y35*Z35+AD35*AE35+AI35*AJ35+AN35*AO35+AS35*AT35+AX35*AY35+BC35*BD35 -> 0
BJ36: =J36*K36+O36*P36+T36*U36+Y36*Z36+AD36*AE36+AI36*AJ36+AN36*AO36+AS36*AT36+AX36*AY36+BC36*BD36 -> 0
BJ37: =J37*K37+O37*P37+T37*U37+Y37*Z37+AD37*AE37+AI37*AJ37+AN37*AO37+AS37*AT37+AX37*AY37+BC37*BD37 -> 0
BJ38: =J38*K38+O38*P38+T38*U38+Y38*Z38+AD38*AE38+AI38*AJ38+AN38*AO38+AS38*AT38+AX38*AY38+BC38*BD38 -> 0
BJ39: =J39*K39+O39*P39+T39*U39+Y39*Z39+AD39*AE39+AI39*AJ39+AN39*AO39+AS39*AT39+AX39*AY39+BC39*BD39 -> 0
BJ40: =J40*K40+O40*P40+T40*U40+Y40*Z40+AD40*AE40+AI40*AJ40+AN40*AO40+AS40*AT40+AX40*AY40+BC40*BD40 -> 0
BJ41: =J41*K41+O41*P41+T41*U41+Y41*Z41+AD41*AE41+AI41*AJ41+AN41*AO41+AS41*AT41+AX41*AY41+BC41*BD41 -> 0
... BJ74: =J74*K74+O74*P74+T74*U74+Y74*Z74+AD74*AE74+AI74*AJ74+AN74*AO74+AS74*AT74+AX74*AY74+BC74*BD74 -> 0
F79: =-_xlfn.SINGLE(ORDERS!#REF!) -> #REF!

Sheet PENDING
A1: ROUTE | B1: Route | C1: LTRS.
A2: ROUTE 1 | B2: R1 | C2: =SUMIF(ORDERS!$E:$E,PENDING!B2,ORDERS!$BT:$BT) -> 15500
A3: ROUTE 2 | B3: R2 | C3: =SUMIF(ORDERS!$E:$E,PENDING!B3,ORDERS!$BT:$BT) -> 14000
A4: ROUTE 3 | B4: R3 | C4: =SUMIF(ORDERS!$E:$E,PENDING!B4,ORDERS!$BT:$BT) -> 2500
A5: ROUTE 5 | B5: R5 | C5: =SUMIF(ORDERS!$E:$E,PENDING!B5,ORDERS!$BT:$BT) -> 6500
A6: ROUTE 6 | B6: R6 | C6: =SUMIF(ORDERS!$E:$E,PENDING!B6,ORDERS!$BT:$BT) -> 0
A7: ROUTE 7 | B7: R7 | C7: =SUMIF(ORDERS!$E:$E,PENDING!B7,ORDERS!$BT:$BT) -> 2000
A8: ROUTE 8 | B8: R8 | C8: =SUMIF(ORDERS!$E:$E,PENDING!B8,ORDERS!$BT:$BT) -> 3000
A9: AP | B9: AP | C9: =SUMIF(ORDERS!$E:$E,PENDING!B9,ORDERS!$BT:$BT) -> 0 | E9: LOCAL | F9: =SUM(C2:C8,C22) -> 43500
A10: BALLARY | B10: Ball | C10: =SUMIF(ORDERS!$E:$E,PENDING!B10,ORDERS!$BT:$BT) -> 9500 | E10: OUTSTATION | F10: =SUM(C9:C21)-C14 -> 35250
A11: DAVANGERE | B11: Dave | C11: =SUMIF(ORDERS!$E:$E,PENDING!B11,ORDERS!$BT:$BT) -> 3500
A12: GAURIBIDANUR | B12: Gaur | C12: =SUMIF(ORDERS!$E:$E,PENDING!B12,ORDERS!$BT:$BT) -> 0 | E12: BANGALORE | F12: =C23-F13 -> 78750
A13: HASSAN | B13: Hass | C13: =SUMIF(ORDERS!$E:$E,PENDING!B13,ORDERS!$BT:$BT) -> 11000 | E13: HUBLI | F13: =C14 -> 35500
A14: HUBLI | B14: Hubli | C14: =SUMIF(ORDERS!$E:$E,PENDING!B14,ORDERS!$BT:$BT) -> 35500
A15: KOLLAR | B15: Kol | C15: =SUMIF(ORDERS!$E:$E,PENDING!B15,ORDERS!$BT:$BT) -> 0
A16: MANDYA | B16: Man | C16: =SUMIF(ORDERS!$E:$E,PENDING!B16,ORDERS!$BT:$BT) -> 0
A17: MANDYA CITY | B17: Mancity | C17: =SUMIF(ORDERS!$E:$E,PENDING!B17,ORDERS!$BT:$BT) -> 0
A18: MANGALORE | B18: Mang | C18: =SUMIF(ORDERS!$E:$E,PENDING!B18,ORDERS!$BT:$BT) -> 0
A19: SHIVMOGGA | B19: Shiv | C19: =SUMIF(ORDERS!$E:$E,PENDING!B19,ORDERS!$BT:$BT) -> 0
A20: TN | B20: TN | C20: =SUMIF(ORDERS!$E:$E,PENDING!B20,ORDERS!$BT:$BT) -> 0
A21: TUMKUR | B21: TMK | C21: =SUMIF(ORDERS!$E:$E,PENDING!B21,ORDERS!$BT:$BT) -> 11250
A22: OTHERS | B22: Others | C22: =SUMIF(ORDERS!$E:$E,PENDING!B22,ORDERS!$BT:$BT) -> 0
A23: TOTAL | C23: =SUM(C2:C22) -> 114250

Sheet OUTSTATION
A1: Order ID | B1: Date | C1: Sales | D1: New Party | E1: Route | F1: Party Code | G1: Party Name | H1: Area | I1: Remarks | J1: Tank | K1: Size | L1: Qty | M1: Col | N1: Lay | O1: Rate | P1: Tank | Q1: Size | R1: Qty | S1: Col | T1: Lay | U1: Rate | V1: Tank | W1: Size | X1: Qty | Y1: Col | Z1: Lay | AA1: Rate | AB1: Tank | AC1: Size | AD1: Qty | AE1: Col | AF1: Lay | AG1: Rate | AH1: Tank | AI1: Size | AJ1: Qty | AK1: Col | AL1: Lay | AM1: Rate | AN1: Tank | AO1: Size | AP1: Qty | AQ1: Col | AR1: Lay | AS1: Rate | AT1: Tank | AU1: Size | AV1: Qty | AW1: Col | AX1: Lay | AY1: Rate | AZ1: Tank | BA1: Size | BB1: Qty | BC1: Col | BD1: Lay | BE1: Rate | BF1: Tank | BG1: Size | BH1: Qty | BI1: Col | BJ1: Lay | BK1: Rate | BL1: Tank | BM1: Size | BN1: Qty | BO1: Col | BP1: Lay | BQ1: Rate | BR1: Terms | BS1: Site Delivery | BT1: Ltrs
T53: DATE | V53: 45999
H54: Tank | I54: Size | J54: Qty | K54: Col | L54: Lay | M54: Rate
H55: =#REF! -> #REF! | I55: =#REF! -> #REF! | J55: =#REF! -> #REF! | K55: =#REF! -> #REF! | L55: =#REF! -> #REF! | M55: =#REF! -> #REF!
H56: =J3 -> 0 | I56: =K3 -> 0 | J56: =L3 -> 0 | K56: =M3 -> 0 | L56: =N3 -> 0 | M56: =O3 -> 0
H57: =J4 -> 0 | I57: =K4 -> 0 | J57: =L4 -> 0 | K57: =M4 -> 0 | L57: =N4 -> 0 | M57: =O4 -> 0
H58: =J5 -> 0 | I58: =K5 -> 0 | J58: =L5 -> 0 | K58: =M5 -> 0 | L58: =N5 -> 0 | M58: =O5 -> 0
H59: =J6 -> 0 | I59: =K6 -> 0 | J59: =L6 -> 0 | K59: =M6 -> 0 | L59: =N6 -> 0 | M59: =O6 -> 0
H60: =J7 -> 0 | I60: =K7 -> 0 | J60: =L7 -> 0 | K60: =M7 -> 0 | L60: =N7 -> 0 | M60: =O7 -> 0
H61: =J8 -> 0 | I61: =K8 -> 0 | J61: =L8 -> 0 | K61: =M8 -> 0 | L61: =N8 -> 0 | M61: =O8 -> 0
H62: =J9 -> 0 | I62: =K9 -> 0 | J62: =L9 -> 0 | K62: =M9 -> 0 | L62: =N9 -> 0 | M62: =O9 -> 0
H63: =J10 -> 0 | I63: =K10 -> 0 | J63: =L10 -> 0 | K63: =M10 -> 0 | L63: =N10 -> 0 | M63: =O10 -> 0
H64: =J11 -> 0 | I64: =K11 -> 0 | J64: =L11 -> 0 | K64: =M11 -> 0 | L64: =N11 -> 0 | M64: =O11 -> 0
H65: =J12 -> 0 | I65: =K12 -> 0 | J65: =L12 -> 0 | K65: =M12 -> 0 | L65: =N12 -> 0 | M65: =O12 -> 0
H66: =J13 -> 0 | I66: =K13 -> 0 | J66: =L13 -> 0 | K66: =M13 -> 0 | L66: =N13 -> 0 | M66: =O13 -> 0
H67: =J14 -> 0 | I67: =K14 -> 0 | J67: =L14 -> 0 | K67: =M14 -> 0 | L67: =N14 -> 0 | M67: =O14 -> 0
... H105: =J52 -> 0 | I105: =K52 -> 0 | J105: =L52 -> 0 | K105: =M52 -> 0 | L105: =N52 -> 0 | M105: =O52 -> 0
H106: =#REF! -> #REF! | I106: =#REF! -> #REF! | J106: =#REF! -> #REF! | K106: =#REF! -> #REF! | L106: =#REF! -> #REF! | M106: =#REF! -> #REF!
H107: =P3 -> 0 | I107: =Q3 -> 0 | J107: =R3 -> 0 | K107: =S3 -> 0 | L107: =T3 -> 0 | M107: =U3 -> 0
H108: =P4 -> 0 | I108: =Q4 -> 0 | J108: =R4 -> 0 | K108: =S4 -> 0 | L108: =T4 -> 0 | M108: =U4 -> 0
H109: =P5 -> 0 | I109: =Q5 -> 0 | J109: =R5 -> 0 | K109: =S5 -> 0 | L109: =T5 -> 0 | M109: =U5 -> 0
H110: =P6 -> 0 | I110: =Q6 -> 0 | J110: =R6 -> 0 | K110: =S6 -> 0 | L110: =T6 -> 0 | M110: =U6 -> 0
H111: =P7 -> 0 | I111: =Q7 -> 0 | J111: =R7 -> 0 | K111: =S7 -> 0 | L111: =T7 -> 0 | M111: =U7 -> 0
H112: =P8 -> 0 | I112: =Q8 -> 0 | J112: =R8 -> 0 | K112: =S8 -> 0 | L112: =T8 -> 0 | M112: =U8 -> 0
H113: =P9 -> 0 | I113: =Q9 -> 0 | J113: =R9 -> 0 | K113: =S9 -> 0 | L113: =T9 -> 0 | M113: =U9 -> 0
H114: =P10 -> 0 | I114: =Q10 -> 0 | J114: =R10 -> 0 | K114: =S10 -> 0 | L114: =T10 -> 0 | M114: =U10 -> 0
H115: =P11 -> 0 | I115: =Q11 -> 0 | J115: =R11 -> 0 | K115: =S11 -> 0 | L115: =T11 -> 0 | M115: =U11 -> 0
H116: =P12 -> 0 | I116: =Q12 -> 0 | J116: =R12 -> 0 | K116: =S12 -> 0 | L116: =T12 -> 0 | M116: =U12 -> 0
H117: =P13 -> 0 | I117: =Q13 -> 0 | J117: =R13 -> 0 | K117: =S13 -> 0 | L117: =T13 -> 0 | M117: =U13 -> 0
H118: =P14 -> 0 | I118: =Q14 -> 0 | J118: =R14 -> 0 | K118: =S14 -> 0 | L118: =T14 -> 0 | M118: =U14 -> 0
... H156: =P52 -> 0 | I156: =Q52 -> 0 | J156: =R52 -> 0 | K156: =S52 -> 0 | L156: =T52 -> 0 | M156: =U52 -> 0
H157: =#REF! -> #REF! | I157: =#REF! -> #REF! | J157: =#REF! -> #REF! | K157: =#REF! -> #REF! | L157: =#REF! -> #REF! | M157: =#REF! -> #REF!
H158: =V3 -> 0 | I158: =W3 -> 0 | J158: =X3 -> 0 | K158: =Y3 -> 0 | L158: =Z3 -> 0 | M158: =AA3 -> 0
H159: =V4 -> 0 | I159: =W4 -> 0 | J159: =X4 -> 0 | K159: =Y4 -> 0 | L159: =Z4 -> 0 | M159: =AA4 -> 0
H160: =V5 -> 0 | I160: =W5 -> 0 | J160: =X5 -> 0 | K160: =Y5 -> 0 | L160: =Z5 -> 0 | M160: =AA5 -> 0
H161: =V6 -> 0 | I161: =W6 -> 0 | J161: =X6 -> 0 | K161: =Y6 -> 0 | L161: =Z6 -> 0 | M161: =AA6 -> 0
H162: =V7 -> 0 | I162: =W7 -> 0 | J162: =X7 -> 0 | K162: =Y7 -> 0 | L162: =Z7 -> 0 | M162: =AA7 -> 0
H163: =V8 -> 0 | I163: =W8 -> 0 | J163: =X8 -> 0 | K163: =Y8 -> 0 | L163: =Z8 -> 0 | M163: =AA8 -> 0
H164: =V9 -> 0 | I164: =W9 -> 0 | J164: =X9 -> 0 | K164: =Y9 -> 0 | L164: =Z9 -> 0 | M164: =AA9 -> 0
H165: =V10 -> 0 | I165: =W10 -> 0 | J165: =X10 -> 0 | K165: =Y10 -> 0 | L165: =Z10 -> 0 | M165: =AA10 -> 0
H166: =V11 -> 0 | I166: =W11 -> 0 | J166: =X11 -> 0 | K166: =Y11 -> 0 | L166: =Z11 -> 0 | M166: =AA11 -> 0
H167: =V12 -> 0 | I167: =W12 -> 0 | J167: =X12 -> 0 | K167: =Y12 -> 0 | L167: =Z12 -> 0 | M167: =AA12 -> 0
H168: =V13 -> 0 | I168: =W13 -> 0 | J168: =X13 -> 0 | K168: =Y13 -> 0 | L168: =Z13 -> 0 | M168: =AA13 -> 0
H169: =V14 -> 0 | I169: =W14 -> 0 | J169: =X14 -> 0 | K169: =Y14 -> 0 | L169: =Z14 -> 0 | M169: =AA14 -> 0
... H207: =V52 -> 0 | I207: =W52 -> 0 | J207: =X52 -> 0 | K207: =Y52 -> 0 | L207: =Z52 -> 0 | M207: =AA52 -> 0
H208: =#REF! -> #REF! | I208: =#REF! -> #REF! | J208: =#REF! -> #REF! | K208: =#REF! -> #REF! | L208: =#REF! -> #REF! | M208: =#REF! -> #REF!
H209: =AB3 -> 0 | I209: =AC3 -> 0 | J209: =AD3 -> 0 | K209: =AE3 -> 0 | L209: =AF3 -> 0 | M209: =AG3 -> 0
H210: =AB4 -> 0 | I210: =AC4 -> 0 | J210: =AD4 -> 0 | K210: =AE4 -> 0 | L210: =AF4 -> 0 | M210: =AG4 -> 0
H211: =AB5 -> 0 | I211: =AC5 -> 0 | J211: =AD5 -> 0 | K211: =AE5 -> 0 | L211: =AF5 -> 0 | M211: =AG5 -> 0
H212: =AB6 -> 0 | I212: =AC6 -> 0 | J212: =AD6 -> 0 | K212: =AE6 -> 0 | L212: =AF6 -> 0 | M212: =AG6 -> 0
H213: =AB7 -> 0 | I213: =AC7 -> 0 | J213: =AD7 -> 0 | K213: =AE7 -> 0 | L213: =AF7 -> 0 | M213: =AG7 -> 0
H214: =AB8 -> 0 | I214: =AC8 -> 0 | J214: =AD8 -> 0 | K214: =AE8 -> 0 | L214: =AF8 -> 0 | M214: =AG8 -> 0
H215: =AB9 -> 0 | I215: =AC9 -> 0 | J215: =AD9 -> 0 | K215: =AE9 -> 0 | L215: =AF9 -> 0 | M215: =AG9 -> 0
H216: =AB10 -> 0 | I216: =AC10 -> 0 | J216: =AD10 -> 0 | K216: =AE10 -> 0 | L216: =AF10 -> 0 | M216: =AG10 -> 0
H217: =AB11 -> 0 | I217: =AC11 -> 0 | J217: =AD11 -> 0 | K217: =AE11 -> 0 | L217: =AF11 -> 0 | M217: =AG11 -> 0
H218: =AB12 -> 0 | I218: =AC12 -> 0 | J218: =AD12 -> 0 | K218: =AE12 -> 0 | L218: =AF12 -> 0 | M218: =AG12 -> 0
H219: =AB13 -> 0 | I219: =AC13 -> 0 | J219: =AD13 -> 0 | K219: =AE13 -> 0 | L219: =AF13 -> 0 | M219: =AG13 -> 0
H220: =AB14 -> 0 | I220: =AC14 -> 0 | J220: =AD14 -> 0 | K220: =AE14 -> 0 | L220: =AF14 -> 0 | M220: =AG14 -> 0
... H258: =AB52 -> 0 | I258: =AC52 -> 0 | J258: =AD52 -> 0 | K258: =AE52 -> 0 | L258: =AF52 -> 0 | M258: =AG52 -> 0
H259: =#REF! -> #REF! | I259: =#REF! -> #REF! | J259: =#REF! -> #REF! | K259: =#REF! -> #REF! | L259: =#REF! -> #REF! | M259: =#REF! -> #REF!
H260: =AH3 -> 0 | I260: =AI3 -> 0 | J260: =AJ3 -> 0 | K260: =AK3 -> 0 | L260: =AL3 -> 0 | M260: =AM3 -> 0
H261: =AH4 -> 0 | I261: =AI4 -> 0 | J261: =AJ4 -> 0 | K261: =AK4 -> 0 | L261: =AL4 -> 0 | M261: =AM4 -> 0
H262: =AH5 -> 0 | I262: =AI5 -> 0 | J262: =AJ5 -> 0 | K262: =AK5 -> 0 | L262: =AL5 -> 0 | M262: =AM5 -> 0
H263: =AH6 -> 0 | I263: =AI6 -> 0 | J263: =AJ6 -> 0 | K263: =AK6 -> 0 | L263: =AL6 -> 0 | M263: =AM6 -> 0
H264: =AH7 -> 0 | I264: =AI7 -> 0 | J264: =AJ7 -> 0 | K264: =AK7 -> 0 | L264: =AL7 -> 0 | M264: =AM7 -> 0
H265: =AH8 -> 0 | I265: =AI8 -> 0 | J265: =AJ8 -> 0 | K265: =AK8 -> 0 | L265: =AL8 -> 0 | M265: =AM8 -> 0
H266: =AH9 -> 0 | I266: =AI9 -> 0 | J266: =AJ9 -> 0 | K266: =AK9 -> 0 | L266: =AL9 -> 0 | M266: =AM9 -> 0
H267: =AH10 -> 0 | I267: =AI10 -> 0 | J267: =AJ10 -> 0 | K267: =AK10 -> 0 | L267: =AL10 -> 0 | M267: =AM10 -> 0
H268: =AH11 -> 0 | I268: =AI11 -> 0 | J268: =AJ11 -> 0 | K268: =AK11 -> 0 | L268: =AL11 -> 0 | M268: =AM11 -> 0
H269: =AH12 -> 0 | I269: =AI12 -> 0 | J269: =AJ12 -> 0 | K269: =AK12 -> 0 | L269: =AL12 -> 0 | M269: =AM12 -> 0
H270: =AH13 -> 0 | I270: =AI13 -> 0 | J270: =AJ13 -> 0 | K270: =AK13 -> 0 | L270: =AL13 -> 0 | M270: =AM13 -> 0
H271: =AH14 -> 0 | I271: =AI14 -> 0 | J271: =AJ14 -> 0 | K271: =AK14 -> 0 | L271: =AL14 -> 0 | M271: =AM14 -> 0
... H309: =AH52 -> 0 | I309: =AI52 -> 0 | J309: =AJ52 -> 0 | K309: =AK52 -> 0 | L309: =AL52 -> 0 | M309: =AM52 -> 0
H310: =#REF! -> #REF! | I310: =#REF! -> #REF! | J310: =#REF! -> #REF! | K310: =#REF! -> #REF! | L310: =#REF! -> #REF! | M310: =#REF! -> #REF!
H311: =AN3 -> 0 | I311: =AO3 -> 0 | J311: =AP3 -> 0 | K311: =AQ3 -> 0 | L311: =AR3 -> 0 | M311: =AS3 -> 0
H312: =AN4 -> 0 | I312: =AO4 -> 0 | J312: =AP4 -> 0 | K312: =AQ4 -> 0 | L312: =AR4 -> 0 | M312: =AS4 -> 0
H313: =AN5 -> 0 | I313: =AO5 -> 0 | J313: =AP5 -> 0 | K313: =AQ5 -> 0 | L313: =AR5 -> 0 | M313: =AS5 -> 0
H314: =AN6 -> 0 | I314: =AO6 -> 0 | J314: =AP6 -> 0 | K314: =AQ6 -> 0 | L314: =AR6 -> 0 | M314: =AS6 -> 0
H315: =AN7 -> 0 | I315: =AO7 -> 0 | J315: =AP7 -> 0 | K315: =AQ7 -> 0 | L315: =AR7 -> 0 | M315: =AS7 -> 0
H316: =AN8 -> 0 | I316: =AO8 -> 0 | J316: =AP8 -> 0 | K316: =AQ8 -> 0 | L316: =AR8 -> 0 | M316: =AS8 -> 0
H317: =AN9 -> 0 | I317: =AO9 -> 0 | J317: =AP9 -> 0 | K317: =AQ9 -> 0 | L317: =AR9 -> 0 | M317: =AS9 -> 0
H318: =AN10 -> 0 | I318: =AO10 -> 0 | J318: =AP10 -> 0 | K318: =AQ10 -> 0 | L318: =AR10 -> 0 | M318: =AS10 -> 0
H319: =AN11 -> 0 | I319: =AO11 -> 0 | J319: =AP11 -> 0 | K319: =AQ11 -> 0 | L319: =AR11 -> 0 | M319: =AS11 -> 0
H320: =AN12 -> 0 | I320: =AO12 -> 0 | J320: =AP12 -> 0 | K320: =AQ12 -> 0 | L320: =AR12 -> 0 | M320: =AS12 -> 0
H321: =AN13 -> 0 | I321: =AO13 -> 0 | J321: =AP13 -> 0 | K321: =AQ13 -> 0 | L321: =AR13 -> 0 | M321: =AS13 -> 0
H322: =AN14 -> 0 | I322: =AO14 -> 0 | J322: =AP14 -> 0 | K322: =AQ14 -> 0 | L322: =AR14 -> 0 | M322: =AS14 -> 0
... H360: =AN52 -> 0 | I360: =AO52 -> 0 | J360: =AP52 -> 0 | K360: =AQ52 -> 0 | L360: =AR52 -> 0 | M360: =AS52 -> 0
H361: =#REF! -> #REF! | I361: =#REF! -> #REF! | J361: =#REF! -> #REF! | K361: =#REF! -> #REF! | L361: =#REF! -> #REF! | M361: =#REF! -> #REF!
H362: =AT3 -> 0 | I362: =AU3 -> 0 | J362: =AV3 -> 0 | K362: =AW3 -> 0 | L362: =AX3 -> 0 | M362: =AY3 -> 0
H363: =AT4 -> 0 | I363: =AU4 -> 0 | J363: =AV4 -> 0 | K363: =AW4 -> 0 | L363: =AX4 -> 0 | M363: =AY4 -> 0
H364: =AT5 -> 0 | I364: =AU5 -> 0 | J364: =AV5 -> 0 | K364: =AW5 -> 0 | L364: =AX5 -> 0 | M364: =AY5 -> 0
H365: =AT6 -> 0 | I365: =AU6 -> 0 | J365: =AV6 -> 0 | K365: =AW6 -> 0 | L365: =AX6 -> 0 | M365: =AY6 -> 0
H366: =AT7 -> 0 | I366: =AU7 -> 0 | J366: =AV7 -> 0 | K366: =AW7 -> 0 | L366: =AX7 -> 0 | M366: =AY7 -> 0
H367: =AT8 -> 0 | I367: =AU8 -> 0 | J367: =AV8 -> 0 | K367: =AW8 -> 0 | L367: =AX8 -> 0 | M367: =AY8 -> 0
H368: =AT9 -> 0 | I368: =AU9 -> 0 | J368: =AV9 -> 0 | K368: =AW9 -> 0 | L368: =AX9 -> 0 | M368: =AY9 -> 0
H369: =AT10 -> 0 | I369: =AU10 -> 0 | J369: =AV10 -> 0 | K369: =AW10 -> 0 | L369: =AX10 -> 0 | M369: =AY10 -> 0
H370: =AT11 -> 0 | I370: =AU11 -> 0 | J370: =AV11 -> 0 | K370: =AW11 -> 0 | L370: =AX11 -> 0 | M370: =AY11 -> 0
H371: =AT12 -> 0 | I371: =AU12 -> 0 | J371: =AV12 -> 0 | K371: =AW12 -> 0 | L371: =AX12 -> 0 | M371: =AY12 -> 0
H372: =AT13 -> 0 | I372: =AU13 -> 0 | J372: =AV13 -> 0 | K372: =AW13 -> 0 | L372: =AX13 -> 0 | M372: =AY13 -> 0
H373: =AT14 -> 0 | I373: =AU14 -> 0 | J373: =AV14 -> 0 | K373: =AW14 -> 0 | L373: =AX14 -> 0 | M373: =AY14 -> 0
...

Sheet LOCAL
A1: Order ID | B1: Date | C1: Sales | D1: New Party | E1: Route | F1: Party Code | G1: Party Name | H1: Area | I1: Remarks | J1: Tank | K1: Size | L1: Qty | M1: Col | N1: Lay | O1: Rate | P1: Tank | Q1: Size | R1: Qty | S1: Col | T1: Lay | U1: Rate | V1: Tank | W1: Size | X1: Qty | Y1: Col | Z1: Lay | AA1: Rate | AB1: Tank | AC1: Size | AD1: Qty | AE1: Col | AF1: Lay | AG1: Rate | AH1: Tank | AI1: Size | AJ1: Qty | AK1: Col | AL1: Lay | AM1: Rate | AN1: Tank | AO1: Size | AP1: Qty | AQ1: Col | AR1: Lay | AS1: Rate | AT1: Tank | AU1: Size | AV1: Qty | AW1: Col | AX1: Lay | AY1: Rate | AZ1: Tank | BA1: Size | BB1: Qty | BC1: Col | BD1: Lay | BE1: Rate | BF1: Tank | BG1: Size | BH1: Qty | BI1: Col | BJ1: Lay | BK1: Rate | BL1: Tank | BM1: Size | BN1: Qty | BO1: Col | BP1: Lay | BQ1: Rate | BR1: Terms | BS1: Site Delivery | BT1: Ltrs
T53: DATE | V53: 45999
H54: Tank | I54: Size | J54: Qty | K54: Col | L54: Lay | M54: Rate
H55: =#REF! -> #REF! | I55: =#REF! -> #REF! | J55: =#REF! -> #REF! | K55: =#REF! -> #REF! | L55: =#REF! -> #REF! | M55: =#REF! -> #REF!
H56: =J3 -> 0 | I56: =K3 -> 0 | J56: =L3 -> 0 | K56: =M3 -> 0 | L56: =N3 -> 0 | M56: =O3 -> 0
H57: =J4 -> 0 | I57: =K4 -> 0 | J57: =L4 -> 0 | K57: =M4 -> 0 | L57: =N4 -> 0 | M57: =O4 -> 0
H58: =J5 -> 0 | I58: =K5 -> 0 | J58: =L5 -> 0 | K58: =M5 -> 0 | L58: =N5 -> 0 | M58: =O5 -> 0
H59: =J6 -> 0 | I59: =K6 -> 0 | J59: =L6 -> 0 | K59: =M6 -> 0 | L59: =N6 -> 0 | M59: =O6 -> 0
H60: =J7 -> 0 | I60: =K7 -> 0 | J60: =L7 -> 0 | K60: =M7 -> 0 | L60: =N7 -> 0 | M60: =O7 -> 0
H61: =J8 -> 0 | I61: =K8 -> 0 | J61: =L8 -> 0 | K61: =M8 -> 0 | L61: =N8 -> 0 | M61: =O8 -> 0
H62: =J9 -> 0 | I62: =K9 -> 0 | J62: =L9 -> 0 | K62: =M9 -> 0 | L62: =N9 -> 0 | M62: =O9 -> 0
H63: =J10 -> 0 | I63: =K10 -> 0 | J63: =L10 -> 0 | K63: =M10 -> 0 | L63: =N10 -> 0 | M63: =O10 -> 0
H64: =J11 -> 0 | I64: =K11 -> 0 | J64: =L11 -> 0 | K64: =M11 -> 0 | L64: =N11 -> 0 | M64: =O11 -> 0
H65: =J12 -> 0 | I65: =K12 -> 0 | J65: =L12 -> 0 | K65: =M12 -> 0 | L65: =N12 -> 0 | M65: =O12 -> 0
H66: =J13 -> 0 | I66: =K13 -> 0 | J66: =L13 -> 0 | K66: =M13 -> 0 | L66: =N13 -> 0 | M66: =O13 -> 0
H67: =J14 -> 0 | I67: =K14 -> 0 | J67: =L14 -> 0 | K67: =M14 -> 0 | L67: =N14 -> 0 | M67: =O14 -> 0
... H105: =J52 -> 0 | I105: =K52 -> 0 | J105: =L52 -> 0 | K105: =M52 -> 0 | L105: =N52 -> 0 | M105: =O52 -> 0
H106: =#REF! -> #REF! | I106: =#REF! -> #REF! | J106: =#REF! -> #REF! | K106: =#REF! -> #REF! | L106: =#REF! -> #REF! | M106: =#REF! -> #REF!
H107: =P3 -> 0 | I107: =Q3 -> 0 | J107: =R3 -> 0 | K107: =S3 -> 0 | L107: =T3 -> 0 | M107: =U3 -> 0
H108: =P4 -> 0 | I108: =Q4 -> 0 | J108: =R4 -> 0 | K108: =S4 -> 0 | L108: =T4 -> 0 | M108: =U4 -> 0
H109: =P5 -> 0 | I109: =Q5 -> 0 | J109: =R5 -> 0 | K109: =S5 -> 0 | L109: =T5 -> 0 | M109: =U5 -> 0
H110: =P6 -> 0 | I110: =Q6 -> 0 | J110: =R6 -> 0 | K110: =S6 -> 0 | L110: =T6 -> 0 | M110: =U6 -> 0
H111: =P7 -> 0 | I111: =Q7 -> 0 | J111: =R7 -> 0 | K111: =S7 -> 0 | L111: =T7 -> 0 | M111: =U7 -> 0
H112: =P8 -> 0 | I112: =Q8 -> 0 | J112: =R8 -> 0 | K112: =S8 -> 0 | L112: =T8 -> 0 | M112: =U8 -> 0
H113: =P9 -> 0 | I113: =Q9 -> 0 | J113: =R9 -> 0 | K113: =S9 -> 0 | L113: =T9 -> 0 | M113: =U9 -> 0
H114: =P10 -> 0 | I114: =Q10 -> 0 | J114: =R10 -> 0 | K114: =S10 -> 0 | L114: =T10 -> 0 | M114: =U10 -> 0
H115: =P11 -> 0 | I115: =Q11 -> 0 | J115: =R11 -> 0 | K115: =S11 -> 0 | L115: =T11 -> 0 | M115: =U11 -> 0
H116: =P12 -> 0 | I116: =Q12 -> 0 | J116: =R12 -> 0 | K116: =S12 -> 0 | L116: =T12 -> 0 | M116: =U12 -> 0
H117: =P13 -> 0 | I117: =Q13 -> 0 | J117: =R13 -> 0 | K117: =S13 -> 0 | L117: =T13 -> 0 | M117: =U13 -> 0
H118: =P14 -> 0 | I118: =Q14 -> 0 | J118: =R14 -> 0 | K118: =S14 -> 0 | L118: =T14 -> 0 | M118: =U14 -> 0
... H156: =P52 -> 0 | I156: =Q52 -> 0 | J156: =R52 -> 0 | K156: =S52 -> 0 | L156: =T52 -> 0 | M156: =U52 -> 0
H157: =#REF! -> #REF! | I157: =#REF! -> #REF! | J157: =#REF! -> #REF! | K157: =#REF! -> #REF! | L157: =#REF! -> #REF! | M157: =#REF! -> #REF!
H158: =V3 -> 0 | I158: =W3 -> 0 | J158: =X3 -> 0 | K158: =Y3 -> 0 | L158: =Z3 -> 0 | M158: =AA3 -> 0
H159: =V4 -> 0 | I159: =W4 -> 0 | J159: =X4 -> 0 | K159: =Y4 -> 0 | L159: =Z4 -> 0 | M159: =AA4 -> 0
H160: =V5 -> 0 | I160: =W5 -> 0 | J160: =X5 -> 0 | K160: =Y5 -> 0 | L160: =Z5 -> 0 | M160: =AA5 -> 0
H161: =V6 -> 0 | I161: =W6 -> 0 | J161: =X6 -> 0 | K161: =Y6 -> 0 | L161: =Z6 -> 0 | M161: =AA6 -> 0
H162: =V7 -> 0 | I162: =W7 -> 0 | J162: =X7 -> 0 | K162: =Y7 -> 0 | L162: =Z7 -> 0 | M162: =AA7 -> 0
H163: =V8 -> 0 | I163: =W8 -> 0 | J163: =X8 -> 0 | K163: =Y8 -> 0 | L163: =Z8 -> 0 | M163: =AA8 -> 0
H164: =V9 -> 0 | I164: =W9 -> 0 | J164: =X9 -> 0 | K164: =Y9 -> 0 | L164: =Z9 -> 0 | M164: =AA9 -> 0
H165: =V10 -> 0 | I165: =W10 -> 0 | J165: =X10 -> 0 | K165: =Y10 -> 0 | L165: =Z10 -> 0 | M165: =AA10 -> 0
H166: =V11 -> 0 | I166: =W11 -> 0 | J166: =X11 -> 0 | K166: =Y11 -> 0 | L166: =Z11 -> 0 | M166: =AA11 -> 0
H167: =V12 -> 0 | I167: =W12 -> 0 | J167: =X12 -> 0 | K167: =Y12 -> 0 | L167: =Z12 -> 0 | M167: =AA12 -> 0
H168: =V13 -> 0 | I168: =W13 -> 0 | J168: =X13 -> 0 | K168: =Y13 -> 0 | L168: =Z13 -> 0 | M168: =AA13 -> 0
H169: =V14 -> 0 | I169: =W14 -> 0 | J169: =X14 -> 0 | K169: =Y14 -> 0 | L169: =Z14 -> 0 | M169: =AA14 -> 0
... H207: =V52 -> 0 | I207: =W52 -> 0 | J207: =X52 -> 0 | K207: =Y52 -> 0 | L207: =Z52 -> 0 | M207: =AA52 -> 0
H208: =#REF! -> #REF! | I208: =#REF! -> #REF! | J208: =#REF! -> #REF! | K208: =#REF! -> #REF! | L208: =#REF! -> #REF! | M208: =#REF! -> #REF!
H209: =AB3 -> 0 | I209: =AC3 -> 0 | J209: =AD3 -> 0 | K209: =AE3 -> 0 | L209: =AF3 -> 0 | M209: =AG3 -> 0
H210: =AB4 -> 0 | I210: =AC4 -> 0 | J210: =AD4 -> 0 | K210: =AE4 -> 0 | L210: =AF4 -> 0 | M210: =AG4 -> 0
H211: =AB5 -> 0 | I211: =AC5 -> 0 | J211: =AD5 -> 0 | K211: =AE5 -> 0 | L211: =AF5 -> 0 | M211: =AG5 -> 0
H212: =AB6 -> 0 | I212: =AC6 -> 0 | J212: =AD6 -> 0 | K212: =AE6 -> 0 | L212: =AF6 -> 0 | M212: =AG6 -> 0
H213: =AB7 -> 0 | I213: =AC7 -> 0 | J213: =AD7 -> 0 | K213: =AE7 -> 0 | L213: =AF7 -> 0 | M213: =AG7 -> 0
H214: =AB8 -> 0 | I214: =AC8 -> 0 | J214: =AD8 -> 0 | K214: =AE8 -> 0 | L214: =AF8 -> 0 | M214: =AG8 -> 0
H215: =AB9 -> 0 | I215: =AC9 -> 0 | J215: =AD9 -> 0 | K215: =AE9 -> 0 | L215: =AF9 -> 0 | M215: =AG9 -> 0
H216: =AB10 -> 0 | I216: =AC10 -> 0 | J216: =AD10 -> 0 | K216: =AE10 -> 0 | L216: =AF10 -> 0 | M216: =AG10 -> 0
H217: =AB11 -> 0 | I217: =AC11 -> 0 | J217: =AD11 -> 0 | K217: =AE11 -> 0 | L217: =AF11 -> 0 | M217: =AG11 -> 0
H218: =AB12 -> 0 | I218: =AC12 -> 0 | J218: =AD12 -> 0 | K218: =AE12 -> 0 | L218: =AF12 -> 0 | M218: =AG12 -> 0
H219: =AB13 -> 0 | I219: =AC13 -> 0 | J219: =AD13 -> 0 | K219: =AE13 -> 0 | L219: =AF13 -> 0 | M219: =AG13 -> 0
H220: =AB14 -> 0 | I220: =AC14 -> 0 | J220: =AD14 -> 0 | K220: =AE14 -> 0 | L220: =AF14 -> 0 | M220: =AG14 -> 0
... H258: =AB52 -> 0 | I258: =AC52 -> 0 | J258: =AD52 -> 0 | K258: =AE52 -> 0 | L258: =AF52 -> 0 | M258: =AG52 -> 0
H259: =#REF! -> #REF! | I259: =#REF! -> #REF! | J259: =#REF! -> #REF! | K259: =#REF! -> #REF! | L259: =#REF! -> #REF! | M259: =#REF! -> #REF!
H260: =AH3 -> 0 | I260: =AI3 -> 0 | J260: =AJ3 -> 0 | K260: =AK3 -> 0 | L260: =AL3 -> 0 | M260: =AM3 -> 0
H261: =AH4 -> 0 | I261: =AI4 -> 0 | J261: =AJ4 -> 0 | K261: =AK4 -> 0 | L261: =AL4 -> 0 | M261: =AM4 -> 0
H262: =AH5 -> 0 | I262: =AI5 -> 0 | J262: =AJ5 -> 0 | K262: =AK5 -> 0 | L262: =AL5 -> 0 | M262: =AM5 -> 0
H263: =AH6 -> 0 | I263: =AI6 -> 0 | J263: =AJ6 -> 0 | K263: =AK6 -> 0 | L263: =AL6 -> 0 | M263: =AM6 -> 0
H264: =AH7 -> 0 | I264: =AI7 -> 0 | J264: =AJ7 -> 0 | K264: =AK7 -> 0 | L264: =AL7 -> 0 | M264: =AM7 -> 0
H265: =AH8 -> 0 | I265: =AI8 -> 0 | J265: =AJ8 -> 0 | K265: =AK8 -> 0 | L265: =AL8 -> 0 | M265: =AM8 -> 0
H266: =AH9 -> 0 | I266: =AI9 -> 0 | J266: =AJ9 -> 0 | K266: =AK9 -> 0 | L266: =AL9 -> 0 | M266: =AM9 -> 0
H267: =AH10 -> 0 | I267: =AI10 -> 0 | J267: =AJ10 -> 0 | K267: =AK10 -> 0 | L267: =AL10 -> 0 | M267: =AM10 -> 0
H268: =AH11 -> 0 | I268: =AI11 -> 0 | J268: =AJ11 -> 0 | K268: =AK11 -> 0 | L268: =AL11 -> 0 | M268: =AM11 -> 0
H269: =AH12 -> 0 | I269: =AI12 -> 0 | J269: =AJ12 -> 0 | K269: =AK12 -> 0 | L269: =AL12 -> 0 | M269: =AM12 -> 0
H270: =AH13 -> 0 | I270: =AI13 -> 0 | J270: =AJ13 -> 0 | K270: =AK13 -> 0 | L270: =AL13 -> 0 | M270: =AM13 -> 0
H271: =AH14 -> 0 | I271: =AI14 -> 0 | J271: =AJ14 -> 0 | K271: =AK14 -> 0 | L271: =AL14 -> 0 | M271: =AM14 -> 0
... H309: =AH52 -> 0 | I309: =AI52 -> 0 | J309: =AJ52 -> 0 | K309: =AK52 -> 0 | L309: =AL52 -> 0 | M309: =AM52 -> 0
H310: =#REF! -> #REF! | I310: =#REF! -> #REF! | J310: =#REF! -> #REF! | K310: =#REF! -> #REF! | L310: =#REF! -> #REF! | M310: =#REF! -> #REF!
H311: =AN3 -> 0 | I311: =AO3 -> 0 | J311: =AP3 -> 0 | K311: =AQ3 -> 0 | L311: =AR3 -> 0 | M311: =AS3 -> 0
H312: =AN4 -> 0 | I312: =AO4 -> 0 | J312: =AP4 -> 0 | K312: =AQ4 -> 0 | L312: =AR4 -> 0 | M312: =AS4 -> 0
H313: =AN5 -> 0 | I313: =AO5 -> 0 | J313: =AP5 -> 0 | K313: =AQ5 -> 0 | L313: =AR5 -> 0 | M313: =AS5 -> 0
H314: =AN6 -> 0 | I314: =AO6 -> 0 | J314: =AP6 -> 0 | K314: =AQ6 -> 0 | L314: =AR6 -> 0 | M314: =AS6 -> 0
H315: =AN7 -> 0 | I315: =AO7 -> 0 | J315: =AP7 -> 0 | K315: =AQ7 -> 0 | L315: =AR7 -> 0 | M315: =AS7 -> 0
H316: =AN8 -> 0 | I316: =AO8 -> 0 | J316: =AP8 -> 0 | K316: =AQ8 -> 0 | L316: =AR8 -> 0 | M316: =AS8 -> 0
H317: =AN9 -> 0 | I317: =AO9 -> 0 | J317: =AP9 -> 0 | K317: =AQ9 -> 0 | L317: =AR9 -> 0 | M317: =AS9 -> 0
H318: =AN10 -> 0 | I318: =AO10 -> 0 | J318: =AP10 -> 0 | K318: =AQ10 -> 0 | L318: =AR10 -> 0 | M318: =AS10 -> 0
H319: =AN11 -> 0 | I319: =AO11 -> 0 | J319: =AP11 -> 0 | K319: =AQ11 -> 0 | L319: =AR11 -> 0 | M319: =AS11 -> 0
H320: =AN12 -> 0 | I320: =AO12 -> 0 | J320: =AP12 -> 0 | K320: =AQ12 -> 0 | L320: =AR12 -> 0 | M320: =AS12 -> 0
H321: =AN13 -> 0 | I321: =AO13 -> 0 | J321: =AP13 -> 0 | K321: =AQ13 -> 0 | L321: =AR13 -> 0 | M321: =AS13 -> 0
H322: =AN14 -> 0 | I322: =AO14 -> 0 | J322: =AP14 -> 0 | K322: =AQ14 -> 0 | L322: =AR14 -> 0 | M322: =AS14 -> 0
... H360: =AN52 -> 0 | I360: =AO52 -> 0 | J360: =AP52 -> 0 | K360: =AQ52 -> 0 | L360: =AR52 -> 0 | M360: =AS52 -> 0
H361: =#REF! -> #REF! | I361: =#REF! -> #REF! | J361: =#REF! -> #REF! | K361: =#REF! -> #REF! | L361: =#REF! -> #REF! | M361: =#REF! -> #REF!
H362: =AT3 -> 0 | I362: =AU3 -> 0 | J362: =AV3 -> 0 | K362: =AW3 -> 0 | L362: =AX3 -> 0 | M362: =AY3 -> 0
H363: =AT4 -> 0 | I363: =AU4 -> 0 | J363: =AV4 -> 0 | K363: =AW4 -> 0 | L363: =AX4 -> 0 | M363: =AY4 -> 0
H364: =AT5 -> 0 | I364: =AU5 -> 0 | J364: =AV5 -> 0 | K364: =AW5 -> 0 | L364: =AX5 -> 0 | M364: =AY5 -> 0
H365: =AT6 -> 0 | I365: =AU6 -> 0 | J365: =AV6 -> 0 | K365: =AW6 -> 0 | L365: =AX6 -> 0 | M365: =AY6 -> 0
H366: =AT7 -> 0 | I366: =AU7 -> 0 | J366: =AV7 -> 0 | K366: =AW7 -> 0 | L366: =AX7 -> 0 | M366: =AY7 -> 0
H367: =AT8 -> 0 | I367: =AU8 -> 0 | J367: =AV8 -> 0 | K367: =AW8 -> 0 | L367: =AX8 -> 0 | M367: =AY8 -> 0
H368: =AT9 -> 0 | I368: =AU9 -> 0 | J368: =AV9 -> 0 | K368: =AW9 -> 0 | L368: =AX9 -> 0 | M368: =AY9 -> 0
H369: =AT10 -> 0 | I369: =AU10 -> 0 | J369: =AV10 -> 0 | K369: =AW10 -> 0 | L369: =AX10 -> 0 | M369: =AY10 -> 0
H370: =AT11 -> 0 | I370: =AU11 -> 0 | J370: =AV11 -> 0 | K370: =AW11 -> 0 | L370: =AX11 -> 0 | M370: =AY11 -> 0
H371: =AT12 -> 0 | I371: =AU12 -> 0 | J371: =AV12 -> 0 | K371: =AW12 -> 0 | L371: =AX12 -> 0 | M371: =AY12 -> 0
H372: =AT13 -> 0 | I372: =AU13 -> 0 | J372: =AV13 -> 0 | K372: =AW13 -> 0 | L372: =AX13 -> 0 | M372: =AY13 -> 0
H373: =AT14 -> 0 | I373: =AU14 -> 0 | J373: =AV14 -> 0 | K373: =AW14 -> 0 | L373: =AX14 -> 0 | M373: =AY14 -> 0
...

Sheet SLIP
A1: Order ID | B1: Date | C1: Sales | D1: New Party | E1: Route | F1: Party Code | G1: Party Name | H1: Area | I1: Remarks | J1: Tank | K1: Size | L1: Qty | M1: Col | N1: Lay | O1: Rate | P1: Tank | Q1: Size | R1: Qty | S1: Col | T1: Lay | U1: Rate | V1: Tank | W1: Size | X1: Qty | Y1: Col | Z1: Lay | AA1: Rate | AB1: Tank | AC1: Size | AD1: Qty | AE1: Col | AF1: Lay | AG1: Rate | AH1: Tank | AI1: Size | AJ1: Qty | AK1: Col | AL1: Lay | AM1: Rate | AN1: Tank | AO1: Size | AP1: Qty | AQ1: Col | AR1: Lay | AS1: Rate | AT1: Tank | AU1: Size | AV1: Qty | AW1: Col | AX1: Lay | AY1: Rate | AZ1: Tank | BA1: Size | BB1: Qty | BC1: Col | BD1: Lay | BE1: Rate | BF1: Tank | BG1: Size | BH1: Qty | BI1: Col | BJ1: Lay | BK1: Rate | BL1: Tank | BM1: Size | BN1: Qty | BO1: Col | BP1: Lay | BQ1: Rate | BR1: Terms | BS1: Site Delivery | BT1: Ltrs
A2: 1 | B2: 46006 | C2: KD | D2: No | E2: AP | F2: AP01 | G2: PAWAN PUTRA AGENCY 1 | H2: TIRUPATHI 1 | J2: AG | K2: 1000 | L2: 20 | M2: Y | N2: 3L | O2: 3.5 | P2: Pure | Q2: 750 | R2: 12 | S2: Y | T2: 3L | U2: 3.5 | V2: Loft | W2: 500 | X2: 13 | AA2: 3.5 | AB2: UT | AC2: 1000 | AD2: 2 | AG2: 3.5 | AH2: HT | AI2: 2000 | AJ2: 1 | AK2: Y | AL2: 3L | AM2: 3.5 | AN2: CAP | AP2: 15 | AQ2: W | BR2: COD | BS2: 3L-0.50&3000-0.60 | BT2: =K2*L2+Q2*R2+W2*X2+AC2*AD2+AI2*AJ2+AO2*AP2+AU2*AV2+BA2*BB2+BG2*BH2+BM2*BN2 -> 39500
A3: 2 | B3: 46006 | C3: KD | D3: No | E3: AP | F3: AP02 | G3: PAWAN PUTRA AGENCY 2 | H3: TIRUPATHI 2 | J3: AG | K3: 1000 | L3: 20 | M3: Y | N3: 3L | O3: 3.5 | P3: Pure | Q3: 750 | R3: 12 | S3: Y | T3: 3L | U3: 3.5 | V3: Loft | W3: 500 | X3: 13 | AA3: 3.5 | AB3: UT | AC3: 1000 | AD3: 2 | AG3: 3.5 | AH3: HT | AI3: 2000 | AJ3: 1 | AK3: Y | AL3: 3L | AM3: 3.5 | AN3: CAP | AP3: 15 | AQ3: W | BR3: COD | BS3: 3L-0.50&3000-0.60 | BT3: =K3*L3+Q3*R3+W3*X3+AC3*AD3+AI3*AJ3+AO3*AP3+AU3*AV3+BA3*BB3+BG3*BH3+BM3*BN3 -> 39500
A4: 3 | B4: 46006 | C4: KD | D4: No | E4: AP | F4: AP03 | G4: PAWAN PUTRA AGENCY 3 | H4: TIRUPATHI 3 | J4: AG | K4: 1000 | L4: 20 | M4: Y | N4: 3L | O4: 3.5 | P4: Pure | Q4: 750 | R4: 12 | S4: Y | T4: 3L | U4: 3.5 | V4: Loft | W4: 500 | X4: 13 | AA4: 3.5 | AB4: UT | AC4: 1000 | AD4: 2 | AG4: 3.5 | AH4: HT | AI4: 2000 | AJ4: 1 | AK4: Y | AL4: 3L | AM4: 3.5 | AN4: CAP | AP4: 15 | AQ4: W | BR4: COD | BS4: 3L-0.50&3000-0.60 | BT4: =K4*L4+Q4*R4+W4*X4+AC4*AD4+AI4*AJ4+AO4*AP4+AU4*AV4+BA4*BB4+BG4*BH4+BM4*BN4 -> 39500
A5: 4 | B5: 46006 | C5: KD | D5: No | E5: AP | F5: AP04 | G5: PAWAN PUTRA AGENCY 4 | H5: TIRUPATHI 4 | J5: AG | K5: 1000 | L5: 20 | M5: Y | N5: 3L | O5: 3.5 | P5: Pure | Q5: 750 | R5: 12 | S5: Y | T5: 3L | U5: 3.5 | V5: Loft | W5: 500 | X5: 13 | AA5: 3.5 | AB5: UT | AC5: 1000 | AD5: 2 | AG5: 3.5 | AH5: HT | AI5: 2000 | AJ5: 1 | AK5: Y | AL5: 3L | AM5: 3.5 | AN5: CAP | AP5: 15 | AQ5: W | BR5: COD | BS5: 3L-0.50&3000-0.60 | BT5: =K5*L5+Q5*R5+W5*X5+AC5*AD5+AI5*AJ5+AO5*AP5+AU5*AV5+BA5*BB5+BG5*BH5+BM5*BN5 -> 39500
A6: 5 | B6: 46006 | C6: KD | D6: No | E6: AP | F6: AP05 | G6: PAWAN PUTRA AGENCY 5 | H6: TIRUPATHI 5 | J6: AG | K6: 1000 | L6: 20 | M6: Y | N6: 3L | O6: 3.5 | P6: Pure | Q6: 750 | R6: 12 | S6: Y | T6: 3L | U6: 3.5 | V6: Loft | W6: 500 | X6: 13 | AA6: 3.5 | AB6: UT | AC6: 1000 | AD6: 2 | AG6: 3.5 | AH6: HT | AI6: 2000 | AJ6: 1 | AK6: Y | AL6: 3L | AM6: 3.5 | AN6: CAP | AP6: 15 | AQ6: W | BR6: COD | BS6: 3L-0.50&3000-0.60 | BT6: =K6*L6+Q6*R6+W6*X6+AC6*AD6+AI6*AJ6+AO6*AP6+AU6*AV6+BA6*BB6+BG6*BH6+BM6*BN6 -> 39500
A7: 6 | B7: 46006 | C7: KD | D7: No | E7: AP | F7: AP06 | G7: PAWAN PUTRA AGENCY 6 | H7: TIRUPATHI 6 | J7: AG | K7: 1000 | L7: 20 | M7: Y | N7: 3L | O7: 3.5 | P7: Pure | Q7: 750 | R7: 12 | S7: Y | T7: 3L | U7: 3.5 | V7: Loft | W7: 500 | X7: 13 | AA7: 3.5 | AB7: UT | AC7: 1000 | AD7: 2 | AG7: 3.5 | AH7: HT | AI7: 2000 | AJ7: 1 | AK7: Y | AL7: 3L | AM7: 3.5 | AN7: CAP | AP7: 15 | AQ7: W | BR7: COD | BS7: 3L-0.50&3000-0.60 | BT7: =K7*L7+Q7*R7+W7*X7+AC7*AD7+AI7*AJ7+AO7*AP7+AU7*AV7+BA7*BB7+BG7*BH7+BM7*BN7 -> 39500
A8: 7 | B8: 46006 | C8: KD | D8: No | E8: AP | F8: AP07 | G8: PAWAN PUTRA AGENCY 7 | H8: TIRUPATHI 7 | J8: AG | K8: 1000 | L8: 20 | M8: Y | N8: 3L | O8: 3.5 | P8: Pure | Q8: 750 | R8: 12 | S8: Y | T8: 3L | U8: 3.5 | V8: Loft | W8: 500 | X8: 13 | AA8: 3.5 | AB8: UT | AC8: 1000 | AD8: 2 | AG8: 3.5 | AH8: HT | AI8: 2000 | AJ8: 1 | AK8: Y | AL8: 3L | AM8: 3.5 | AN8: CAP | AP8: 15 | AQ8: W | BR8: COD | BS8: 3L-0.50&3000-0.60 | BT8: =K8*L8+Q8*R8+W8*X8+AC8*AD8+AI8*AJ8+AO8*AP8+AU8*AV8+BA8*BB8+BG8*BH8+BM8*BN8 -> 39500
A9: 8 | B9: 46006 | C9: KD | D9: No | E9: AP | F9: AP08 | G9: PAWAN PUTRA AGENCY 8 | H9: TIRUPATHI 8 | J9: AG | K9: 1000 | L9: 20 | M9: Y | N9: 3L | O9: 3.5 | P9: Pure | Q9: 750 | R9: 12 | S9: Y | T9: 3L | U9: 3.5 | V9: Loft | W9: 500 | X9: 13 | AA9: 3.5 | AB9: UT | AC9: 1000 | AD9: 2 | AG9: 3.5 | AH9: HT | AI9: 2000 | AJ9: 1 | AK9: Y | AL9: 3L | AM9: 3.5 | AN9: CAP | AP9: 15 | AQ9: W | BR9: COD | BS9: 3L-0.50&3000-0.60 | BT9: =K9*L9+Q9*R9+W9*X9+AC9*AD9+AI9*AJ9+AO9*AP9+AU9*AV9+BA9*BB9+BG9*BH9+BM9*BN9 -> 39500
A10: 9 | B10: 46006 | C10: KD | D10: No | E10: AP | F10: AP09 | G10: PAWAN PUTRA AGENCY 9 | H10: TIRUPATHI 9 | J10: AG | K10: 1000 | L10: 20 | M10: Y | N10: 3L | O10: 3.5 | P10: Pure | Q10: 750 | R10: 12 | S10: Y | T10: 3L | U10: 3.5 | V10: Loft | W10: 500 | X10: 13 | AA10: 3.5 | AB10: UT | AC10: 1000 | AD10: 2 | AG10: 3.5 | AH10: HT | AI10: 2000 | AJ10: 1 | AK10: Y | AL10: 3L | AM10: 3.5 | AN10: CAP | AP10: 15 | AQ10: W | BR10: COD | BS10: 3L-0.50&3000-0.60 | BT10: =K10*L10+Q10*R10+W10*X10+AC10*AD10+AI10*AJ10+AO10*AP10+AU10*AV10+BA10*BB10+BG10*BH10+BM10*BN10 -> 39500
A11: 10 | B11: 46006 | C11: KD | D11: No | E11: AP | F11: AP10 | G11: PAWAN PUTRA AGENCY 10 | H11: TIRUPATHI 10 | J11: AG | K11: 1000 | L11: 20 | M11: Y | N11: 3L | O11: 3.5 | P11: Pure | Q11: 750 | R11: 12 | S11: Y | T11: 3L | U11: 3.5 | V11: Loft | W11: 500 | X11: 13 | AA11: 3.5 | AB11: UT | AC11: 1000 | AD11: 2 | AG11: 3.5 | AH11: HT | AI11: 2000 | AJ11: 1 | AK11: Y | AL11: 3L | AM11: 3.5 | AN11: CAP | AP11: 15 | AQ11: W | BR11: COD | BS11: 3L-0.50&3000-0.60 | BT11: =K11*L11+Q11*R11+W11*X11+AC11*AD11+AI11*AJ11+AO11*AP11+AU11*AV11+BA11*BB11+BG11*BH11+BM11*BN11 -> 39500
I14: =I2 -> 0 | J14: =J2 -> AG | K14: =K2 -> 1000 | L14: =L2 -> 20 | M14: =M2 -> Y | P14: =M2 -> Y | Q14: =N2 -> 3L | R14: =R2 -> 12 | S14: =S2 -> Y | T14: =W2 -> 500 | U14: =X2 -> 13 | V14: =AB2 -> UT | W14: =AC2 -> 1000 | X14: =AG2 -> 3.5 | Y14: =AH2 -> HT | Z14: =AL2 -> 3L | AA14: =AM2 -> 3.5 | AB14: =AQ2 -> W | AC14: =AR2 -> 0 | AD14: =AV2 -> 0 | AE14: =AW2 -> 0 | AF14: =BA2 -> 0 | AG14: =BB2 -> 0 | AH14: =BF2 -> 0 | AI14: =BG2 -> 0 | AK14: 1 | AL14: =IF($P$14="3L",$Q$14,IF($R$14="3L",$S$14,IF($T$14="3L",$U$14,IF($V$14="3L",$W$14,IF($X$14="3L",$Y$14,IF($Z$14="3L",$AA$14,IF($AB$14="3L",$AC$14,IF($AD$14="3L",$AE$14,IF($AF$14="3L",$AG$14,IF($AH$14="3L",$AI$14,"")))))))))) -> 3.5 | AM14: =IF($P$14="4L",$Q$14,IF($R$14="4L",$S$14,IF($T$14="4L",$U$14,IF($V$14="4L",$W$14,IF($X$14="4L",$Y$14,IF($Z$14="4L",$AA$14,IF($AB$14="4L",$AC$14,IF($AD$14="4L",$AE$14,IF($AF$14="4L",$AG$14,IF($AH$14="4L",$AI$14,"")))))))))) | AN14: =IF($P$14="5L",$Q$14,IF($R$14="5L",$S$14,IF($T$14="5L",$U$14,IF($V$14="5L",$W$14,IF($X$14="5L",$Y$14,IF($Z$14="5L",$AA$14,IF($AB$14="5L",$AC$14,IF($AD$14="5L",$AE$14,IF($AF$14="5L",$AG$14,IF($AH$14="5L",$AI$14,"")))))))))) | AO14: =IF($P$14="FUM",$Q$14,IF($R$14="FUM",$S$14,IF($T$14="FUM",$U$14,IF($V$14="FUM",$W$14,IF($X$14="FUM",$Y$14,IF($Z$14="FUM",$AA$14,IF($AB$14="FUM",$AC$14,IF($AD$14="FUM",$AE$14,IF($AF$14="FUM",$AG$14,IF($AH$14="FUM",$AI$14,"")))))))))) | AP14: =IF($P$14="PURE",$Q$14,IF($R$14="PURE",$S$14,IF($T$14="PURE",$U$14,IF($V$14="PURE",$W$14,IF($X$14="PURE",$Y$14,IF($Z$14="PURE",$AA$14,IF($AB$14="PURE",$AC$14,IF($AD$14="PURE",$AE$14,IF($AF$14="PURE",$AG$14,IF($AH$14="PURE",$AI$14,""))))))))))
I15: =I3 -> 0 | J15: =J3 -> AG | K15: =K3 -> 1000 | L15: =L3 -> 20 | M15: =M3 -> Y | P15: =M3 -> Y | Q15: =N3 -> 3L | R15: =R3 -> 12 | S15: =S3 -> Y | T15: =W3 -> 500 | U15: =X3 -> 13 | V15: =AB3 -> UT | W15: =AC3 -> 1000 | X15: =AG3 -> 3.5 | Y15: =AH3 -> HT | Z15: =AL3 -> 3L | AA15: =AM3 -> 3.5 | AB15: =AQ3 -> W | AC15: =AR3 -> 0 | AD15: =AV3 -> 0 | AE15: =AW3 -> 0 | AF15: =BA3 -> 0 | AG15: =BB3 -> 0 | AH15: =BF3 -> 0 | AI15: =BG3 -> 0 | AK15: 2 | AL15: =IF($P$15="3L",$Q$15,IF($R$15="3L",$S$15,IF($T$15="3L",$U$15,IF($V$15="3L",$W$15,IF($X$15="3L",$Y$15,IF($Z$15="3L",$AA$15,IF($AB$15="3L",$AC$15,IF($AD$15="3L",$AE$15,IF($AF$15="3L",$AG$15,IF($AH$15="3L",$AI$15,"")))))))))) -> 3.5 | AM15: =IF($P$15="4L",$Q$15,IF($R$15="4L",$S$15,IF($T$15="4L",$U$15,IF($V$15="4L",$W$15,IF($X$15="4L",$Y$15,IF($Z$15="4L",$AA$15,IF($AB$15="4L",$AC$15,IF($AD$15="4L",$AE$15,IF($AF$15="4L",$AG$15,IF($AH$15="4L",$AI$15,"")))))))))) | AN15: =IF($P$15="5L",$Q$15,IF($R$15="5L",$S$15,IF($T$15="5L",$U$15,IF($V$15="5L",$W$15,IF($X$15="5L",$Y$15,IF($Z$15="5L",$AA$15,IF($AB$15="5L",$AC$15,IF($AD$15="5L",$AE$15,IF($AF$15="5L",$AG$15,IF($AH$15="5L",$AI$15,"")))))))))) | AO15: =IF($P$15="FUM",$Q$15,IF($R$15="FUM",$S$15,IF($T$15="FUM",$U$15,IF($V$15="FUM",$W$15,IF($X$15="FUM",$Y$15,IF($Z$15="FUM",$AA$15,IF($AB$15="FUM",$AC$15,IF($AD$15="FUM",$AE$15,IF($AF$15="FUM",$AG$15,IF($AH$15="FUM",$AI$15,"")))))))))) | AP15: =IF($P$15="PURE",$Q$15,IF($R$15="PURE",$S$15,IF($T$15="PURE",$U$15,IF($V$15="PURE",$W$15,IF($X$15="PURE",$Y$15,IF($Z$15="PURE",$AA$15,IF($AB$15="PURE",$AC$15,IF($AD$15="PURE",$AE$15,IF($AF$15="PURE",$AG$15,IF($AH$15="PURE",$AI$15,""))))))))))
I16: =I4 -> 0 | J16: =J4 -> AG | K16: =K4 -> 1000 | L16: =L4 -> 20 | M16: =M4 -> Y | P16: =M4 -> Y | Q16: =N4 -> 3L | R16: =R4 -> 12 | S16: =S4 -> Y | T16: =W4 -> 500 | U16: =X4 -> 13 | V16: =AB4 -> UT | W16: =AC4 -> 1000 | X16: =AG4 -> 3.5 | Y16: =AH4 -> HT | Z16: =AL4 -> 3L | AA16: =AM4 -> 3.5 | AB16: =AQ4 -> W | AC16: =AR4 -> 0 | AD16: =AV4 -> 0 | AE16: =AW4 -> 0 | AF16: =BA4 -> 0 | AG16: =BB4 -> 0 | AH16: =BF4 -> 0 | AI16: =BG4 -> 0 | AK16: 3 | AL16: =IF($P$16="3L",$Q$16,IF($R$16="3L",$S$16,IF($T$16="3L",$U$16,IF($V$16="3L",$W$16,IF($X$16="3L",$Y$16,IF($Z$16="3L",$AA$16,IF($AB$16="3L",$AC$16,IF($AD$16="3L",$AE$16,IF($AF$16="3L",$AG$16,IF($AH$16="3L",$AI$16,"")))))))))) -> 3.5 | AM16: =IF($P$16="4L",$Q$16,IF($R$16="4L",$S$16,IF($T$16="4L",$U$16,IF($V$16="4L",$W$16,IF($X$16="4L",$Y$16,IF($Z$16="4L",$AA$16,IF($AB$16="4L",$AC$16,IF($AD$16="4L",$AE$16,IF($AF$16="4L",$AG$16,IF($AH$16="4L",$AI$16,"")))))))))) | AN16: =IF($P$16="5L",$Q$16,IF($R$16="5L",$S$16,IF($T$16="5L",$U$16,IF($V$16="5L",$W$16,IF($X$16="5L",$Y$16,IF($Z$16="5L",$AA$16,IF($AB$16="5L",$AC$16,IF($AD$16="5L",$AE$16,IF($AF$16="5L",$AG$16,IF($AH$16="5L",$AI$16,"")))))))))) | AO16: =IF($P$16="FUM",$Q$16,IF($R$16="FUM",$S$16,IF($T$16="FUM",$U$16,IF($V$16="FUM",$W$16,IF($X$16="FUM",$Y$16,IF($Z$16="FUM",$AA$16,IF($AB$16="FUM",$AC$16,IF($AD$16="FUM",$AE$16,IF($AF$16="FUM",$AG$16,IF($AH$16="FUM",$AI$16,"")))))))))) | AP16: =IF($P$16="PURE",$Q$16,IF($R$16="PURE",$S$16,IF($T$16="PURE",$U$16,IF($V$16="PURE",$W$16,IF($X$16="PURE",$Y$16,IF($Z$16="PURE",$AA$16,IF($AB$16="PURE",$AC$16,IF($AD$16="PURE",$AE$16,IF($AF$16="PURE",$AG$16,IF($AH$16="PURE",$AI$16,""))))))))))
I17: =I5 -> 0 | J17: =J5 -> AG | K17: =K5 -> 1000 | L17: =L5 -> 20 | M17: =M5 -> Y | P17: =M5 -> Y | Q17: =N5 -> 3L | R17: =R5 -> 12 | S17: =S5 -> Y | T17: =W5 -> 500 | U17: =X5 -> 13 | V17: =AB5 -> UT | W17: =AC5 -> 1000 | X17: =AG5 -> 3.5 | Y17: =AH5 -> HT | Z17: =AL5 -> 3L | AA17: =AM5 -> 3.5 | AB17: =AQ5 -> W | AC17: =AR5 -> 0 | AD17: =AV5 -> 0 | AE17: =AW5 -> 0 | AF17: =BA5 -> 0 | AG17: =BB5 -> 0 | AH17: =BF5 -> 0 | AI17: =BG5 -> 0 | AK17: 4 | AL17: =IF($P$17="3L",$Q$17,IF($R$17="3L",$S$17,IF($T$17="3L",$U$17,IF($V$17="3L",$W$17,IF($X$17="3L",$Y$17,IF($Z$17="3L",$AA$17,IF($AB$17="3L",$AC$17,IF($AD$17="3L",$AE$17,IF($AF$17="3L",$AG$17,IF($AH$17="3L",$AI$17,"")))))))))) -> 3.5 | AM17: =IF($P$17="4L",$Q$17,IF($R$17="4L",$S$17,IF($T$17="4L",$U$17,IF($V$17="4L",$W$17,IF($X$17="4L",$Y$17,IF($Z$17="4L",$AA$17,IF($AB$17="4L",$AC$17,IF($AD$17="4L",$AE$17,IF($AF$17="4L",$AG$17,IF($AH$17="4L",$AI$17,"")))))))))) | AN17: =IF($P$17="5L",$Q$17,IF($R$17="5L",$S$17,IF($T$17="5L",$U$17,IF($V$17="5L",$W$17,IF($X$17="5L",$Y$17,IF($Z$17="5L",$AA$17,IF($AB$17="5L",$AC$17,IF($AD$17="5L",$AE$17,IF($AF$17="5L",$AG$17,IF($AH$17="5L",$AI$17,"")))))))))) | AO17: =IF($P$17="FUM",$Q$17,IF($R$17="FUM",$S$17,IF($T$17="FUM",$U$17,IF($V$17="FUM",$W$17,IF($X$17="FUM",$Y$17,IF($Z$17="FUM",$AA$17,IF($AB$17="FUM",$AC$17,IF($AD$17="FUM",$AE$17,IF($AF$17="FUM",$AG$17,IF($AH$17="FUM",$AI$17,"")))))))))) | AP17: =IF($P$17="PURE",$Q$17,IF($R$17="PURE",$S$17,IF($T$17="PURE",$U$17,IF($V$17="PURE",$W$17,IF($X$17="PURE",$Y$17,IF($Z$17="PURE",$AA$17,IF($AB$17="PURE",$AC$17,IF($AD$17="PURE",$AE$17,IF($AF$17="PURE",$AG$17,IF($AH$17="PURE",$AI$17,""))))))))))
I18: =I6 -> 0 | J18: =J6 -> AG | K18: =K6 -> 1000 | L18: =L6 -> 20 | M18: =M6 -> Y | P18: =M6 -> Y | Q18: =N6 -> 3L | R18: =R6 -> 12 | S18: =S6 -> Y | T18: =W6 -> 500 | U18: =X6 -> 13 | V18: =AB6 -> UT | W18: =AC6 -> 1000 | X18: =AG6 -> 3.5 | Y18: =AH6 -> HT | Z18: =AL6 -> 3L | AA18: =AM6 -> 3.5 | AB18: =AQ6 -> W | AC18: =AR6 -> 0 | AD18: =AV6 -> 0 | AE18: =AW6 -> 0 | AF18: =BA6 -> 0 | AG18: =BB6 -> 0 | AH18: =BF6 -> 0 | AI18: =BG6 -> 0 | AK18: 5 | AL18: =IF($P$18="3L",$Q$18,IF($R$18="3L",$S$18,IF($T$18="3L",$U$18,IF($V$18="3L",$W$18,IF($X$18="3L",$Y$18,IF($Z$18="3L",$AA$18,IF($AB$18="3L",$AC$18,IF($AD$18="3L",$AE$18,IF($AF$18="3L",$AG$18,IF($AH$18="3L",$AI$18,"")))))))))) -> 3.5 | AM18: =IF($P$18="4L",$Q$18,IF($R$18="4L",$S$18,IF($T$18="4L",$U$18,IF($V$18="4L",$W$18,IF($X$18="4L",$Y$18,IF($Z$18="4L",$AA$18,IF($AB$18="4L",$AC$18,IF($AD$18="4L",$AE$18,IF($AF$18="4L",$AG$18,IF($AH$18="4L",$AI$18,"")))))))))) | AN18: =IF($P$18="5L",$Q$18,IF($R$18="5L",$S$18,IF($T$18="5L",$U$18,IF($V$18="5L",$W$18,IF($X$18="5L",$Y$18,IF($Z$18="5L",$AA$18,IF($AB$18="5L",$AC$18,IF($AD$18="5L",$AE$18,IF($AF$18="5L",$AG$18,IF($AH$18="5L",$AI$18,"")))))))))) | AO18: =IF($P$18="FUM",$Q$18,IF($R$18="FUM",$S$18,IF($T$18="FUM",$U$18,IF($V$18="FUM",$W$18,IF($X$18="FUM",$Y$18,IF($Z$18="FUM",$AA$18,IF($AB$18="FUM",$AC$18,IF($AD$18="FUM",$AE$18,IF($AF$18="FUM",$AG$18,IF($AH$18="FUM",$AI$18,"")))))))))) | AP18: =IF($P$18="PURE",$Q$18,IF($R$18="PURE",$S$18,IF($T$18="PURE",$U$18,IF($V$18="PURE",$W$18,IF($X$18="PURE",$Y$18,IF($Z$18="PURE",$AA$18,IF($AB$18="PURE",$AC$18,IF($AD$18="PURE",$AE$18,IF($AF$18="PURE",$AG$18,IF($AH$18="PURE",$AI$18,""))))))))))
I19: =I7 -> 0 | J19: =J7 -> AG | K19: =K7 -> 1000 | L19: =L7 -> 20 | M19: =M7 -> Y | P19: =M7 -> Y | Q19: =N7 -> 3L | R19: =R7 -> 12 | S19: =S7 -> Y | T19: =W7 -> 500 | U19: =X7 -> 13 | V19: =AB7 -> UT | W19: =AC7 -> 1000 | X19: =AG7 -> 3.5 | Y19: =AH7 -> HT | Z19: =AL7 -> 3L | AA19: =AM7 -> 3.5 | AB19: =AQ7 -> W | AC19: =AR7 -> 0 | AD19: =AV7 -> 0 | AE19: =AW7 -> 0 | AF19: =BA7 -> 0 | AG19: =BB7 -> 0 | AH19: =BF7 -> 0 | AI19: =BG7 -> 0 | AK19: 6 | AL19: =IF($P$19="3L",$Q$19,IF($R$19="3L",$S$19,IF($T$19="3L",$U$19,IF($V$19="3L",$W$19,IF($X$19="3L",$Y$19,IF($Z$19="3L",$AA$19,IF($AB$19="3L",$AC$19,IF($AD$19="3L",$AE$19,IF($AF$19="3L",$AG$19,IF($AH$19="3L",$AI$19,"")))))))))) -> 3.5 | AM19: =IF($P$19="4L",$Q$19,IF($R$19="4L",$S$19,IF($T$19="4L",$U$19,IF($V$19="4L",$W$19,IF($X$19="4L",$Y$19,IF($Z$19="4L",$AA$19,IF($AB$19="4L",$AC$19,IF($AD$19="4L",$AE$19,IF($AF$19="4L",$AG$19,IF($AH$19="4L",$AI$19,"")))))))))) | AN19: =IF($P$19="5L",$Q$19,IF($R$19="5L",$S$19,IF($T$19="5L",$U$19,IF($V$19="5L",$W$19,IF($X$19="5L",$Y$19,IF($Z$19="5L",$AA$19,IF($AB$19="5L",$AC$19,IF($AD$19="5L",$AE$19,IF($AF$19="5L",$AG$19,IF($AH$19="5L",$AI$19,"")))))))))) | AO19: =IF($P$19="FUM",$Q$19,IF($R$19="FUM",$S$19,IF($T$19="FUM",$U$19,IF($V$19="FUM",$W$19,IF($X$19="FUM",$Y$19,IF($Z$19="FUM",$AA$19,IF($AB$19="FUM",$AC$19,IF($AD$19="FUM",$AE$19,IF($AF$19="FUM",$AG$19,IF($AH$19="FUM",$AI$19,"")))))))))) | AP19: =IF($P$19="PURE",$Q$19,IF($R$19="PURE",$S$19,IF($T$19="PURE",$U$19,IF($V$19="PURE",$W$19,IF($X$19="PURE",$Y$19,IF($Z$19="PURE",$AA$19,IF($AB$19="PURE",$AC$19,IF($AD$19="PURE",$AE$19,IF($AF$19="PURE",$AG$19,IF($AH$19="PURE",$AI$19,""))))))))))
I20: =I8 -> 0 | J20: =J8 -> AG | K20: =K8 -> 1000 | L20: =L8 -> 20 | M20: =M8 -> Y | P20: =M8 -> Y | Q20: =N8 -> 3L | R20: =R8 -> 12 | S20: =S8 -> Y | T20: =W8 -> 500 | U20: =X8 -> 13 | V20: =AB8 -> UT | W20: =AC8 -> 1000 | X20: =AG8 -> 3.5 | Y20: =AH8 -> HT | Z20: =AL8 -> 3L | AA20: =AM8 -> 3.5 | AB20: =AQ8 -> W | AC20: =AR8 -> 0 | AD20: =AV8 -> 0 | AE20: =AW8 -> 0 | AF20: =BA8 -> 0 | AG20: =BB8 -> 0 | AH20: =BF8 -> 0 | AI20: =BG8 -> 0 | AK20: 7 | AL20: =IF($P$20="3L",$Q$20,IF($R$20="3L",$S$20,IF($T$20="3L",$U$20,IF($V$20="3L",$W$20,IF($X$20="3L",$Y$20,IF($Z$20="3L",$AA$20,IF($AB$20="3L",$AC$20,IF($AD$20="3L",$AE$20,IF($AF$20="3L",$AG$20,IF($AH$20="3L",$AI$20,"")))))))))) -> 3.5 | AM20: =IF($P$20="4L",$Q$20,IF($R$20="4L",$S$20,IF($T$20="4L",$U$20,IF($V$20="4L",$W$20,IF($X$20="4L",$Y$20,IF($Z$20="4L",$AA$20,IF($AB$20="4L",$AC$20,IF($AD$20="4L",$AE$20,IF($AF$20="4L",$AG$20,IF($AH$20="4L",$AI$20,"")))))))))) | AN20: =IF($P$20="5L",$Q$20,IF($R$20="5L",$S$20,IF($T$20="5L",$U$20,IF($V$20="5L",$W$20,IF($X$20="5L",$Y$20,IF($Z$20="5L",$AA$20,IF($AB$20="5L",$AC$20,IF($AD$20="5L",$AE$20,IF($AF$20="5L",$AG$20,IF($AH$20="5L",$AI$20,"")))))))))) | AO20: =IF($P$20="FUM",$Q$20,IF($R$20="FUM",$S$20,IF($T$20="FUM",$U$20,IF($V$20="FUM",$W$20,IF($X$20="FUM",$Y$20,IF($Z$20="FUM",$AA$20,IF($AB$20="FUM",$AC$20,IF($AD$20="FUM",$AE$20,IF($AF$20="FUM",$AG$20,IF($AH$20="FUM",$AI$20,"")))))))))) | AP20: =IF($P$20="PURE",$Q$20,IF($R$20="PURE",$S$20,IF($T$20="PURE",$U$20,IF($V$20="PURE",$W$20,IF($X$20="PURE",$Y$20,IF($Z$20="PURE",$AA$20,IF($AB$20="PURE",$AC$20,IF($AD$20="PURE",$AE$20,IF($AF$20="PURE",$AG$20,IF($AH$20="PURE",$AI$20,""))))))))))
I21: =I9 -> 0 | J21: =J9 -> AG | K21: =K9 -> 1000 | L21: =L9 -> 20 | M21: =M9 -> Y | P21: =M9 -> Y | Q21: =N9 -> 3L | R21: =R9 -> 12 | S21: =S9 -> Y | T21: =W9 -> 500 | U21: =X9 -> 13 | V21: =AB9 -> UT | W21: =AC9 -> 1000 | X21: =AG9 -> 3.5 | Y21: =AH9 -> HT | Z21: =AL9 -> 3L | AA21: =AM9 -> 3.5 | AB21: =AQ9 -> W | AC21: =AR9 -> 0 | AD21: =AV9 -> 0 | AE21: =AW9 -> 0 | AF21: =BA9 -> 0 | AG21: =BB9 -> 0 | AH21: =BF9 -> 0 | AI21: =BG9 -> 0 | AK21: 8 | AL21: =IF($P$21="3L",$Q$21,IF($R$21="3L",$S$21,IF($T$21="3L",$U$21,IF($V$21="3L",$W$21,IF($X$21="3L",$Y$21,IF($Z$21="3L",$AA$21,IF($AB$21="3L",$AC$21,IF($AD$21="3L",$AE$21,IF($AF$21="3L",$AG$21,IF($AH$21="3L",$AI$21,"")))))))))) -> 3.5 | AM21: =IF($P$21="4L",$Q$21,IF($R$21="4L",$S$21,IF($T$21="4L",$U$21,IF($V$21="4L",$W$21,IF($X$21="4L",$Y$21,IF($Z$21="4L",$AA$21,IF($AB$21="4L",$AC$21,IF($AD$21="4L",$AE$21,IF($AF$21="4L",$AG$21,IF($AH$21="4L",$AI$21,"")))))))))) | AN21: =IF($P$21="5L",$Q$21,IF($R$21="5L",$S$21,IF($T$21="5L",$U$21,IF($V$21="5L",$W$21,IF($X$21="5L",$Y$21,IF($Z$21="5L",$AA$21,IF($AB$21="5L",$AC$21,IF($AD$21="5L",$AE$21,IF($AF$21="5L",$AG$21,IF($AH$21="5L",$AI$21,"")))))))))) | AO21: =IF($P$21="FUM",$Q$21,IF($R$21="FUM",$S$21,IF($T$21="FUM",$U$21,IF($V$21="FUM",$W$21,IF($X$21="FUM",$Y$21,IF($Z$21="FUM",$AA$21,IF($AB$21="FUM",$AC$21,IF($AD$21="FUM",$AE$21,IF($AF$21="FUM",$AG$21,IF($AH$21="FUM",$AI$21,"")))))))))) | AP21: =IF($P$21="PURE",$Q$21,IF($R$21="PURE",$S$21,IF($T$21="PURE",$U$21,IF($V$21="PURE",$W$21,IF($X$21="PURE",$Y$21,IF($Z$21="PURE",$AA$21,IF($AB$21="PURE",$AC$21,IF($AD$21="PURE",$AE$21,IF($AF$21="PURE",$AG$21,IF($AH$21="PURE",$AI$21,""))))))))))
I22: =I10 -> 0 | J22: =J10 -> AG | K22: =K10 -> 1000 | L22: =L10 -> 20 | M22: =M10 -> Y | P22: =M10 -> Y | Q22: =N10 -> 3L | R22: =R10 -> 12 | S22: =S10 -> Y | T22: =W10 -> 500 | U22: =X10 -> 13 | V22: =AB10 -> UT | W22: =AC10 -> 1000 | X22: =AG10 -> 3.5 | Y22: =AH10 -> HT | Z22: =AL10 -> 3L | AA22: =AM10 -> 3.5 | AB22: =AQ10 -> W | AC22: =AR10 -> 0 | AD22: =AV10 -> 0 | AE22: =AW10 -> 0 | AF22: =BA10 -> 0 | AG22: =BB10 -> 0 | AH22: =BF10 -> 0 | AI22: =BG10 -> 0 | AK22: 9 | AL22: =IF($P$22="3L",$Q$22,IF($R$22="3L",$S$22,IF($T$22="3L",$U$22,IF($V$22="3L",$W$22,IF($X$22="3L",$Y$22,IF($Z$22="3L",$AA$22,IF($AB$22="3L",$AC$22,IF($AD$22="3L",$AE$22,IF($AF$22="3L",$AG$22,IF($AH$22="3L",$AI$22,"")))))))))) -> 3.5 | AM22: =IF($P$22="4L",$Q$22,IF($R$22="4L",$S$22,IF($T$22="4L",$U$22,IF($V$22="4L",$W$22,IF($X$22="4L",$Y$22,IF($Z$22="4L",$AA$22,IF($AB$22="4L",$AC$22,IF($AD$22="4L",$AE$22,IF($AF$22="4L",$AG$22,IF($AH$22="4L",$AI$22,"")))))))))) | AN22: =IF($P$22="5L",$Q$22,IF($R$22="5L",$S$22,IF($T$22="5L",$U$22,IF($V$22="5L",$W$22,IF($X$22="5L",$Y$22,IF($Z$22="5L",$AA$22,IF($AB$22="5L",$AC$22,IF($AD$22="5L",$AE$22,IF($AF$22="5L",$AG$22,IF($AH$22="5L",$AI$22,"")))))))))) | AO22: =IF($P$22="FUM",$Q$22,IF($R$22="FUM",$S$22,IF($T$22="FUM",$U$22,IF($V$22="FUM",$W$22,IF($X$22="FUM",$Y$22,IF($Z$22="FUM",$AA$22,IF($AB$22="FUM",$AC$22,IF($AD$22="FUM",$AE$22,IF($AF$22="FUM",$AG$22,IF($AH$22="FUM",$AI$22,"")))))))))) | AP22: =IF($P$22="PURE",$Q$22,IF($R$22="PURE",$S$22,IF($T$22="PURE",$U$22,IF($V$22="PURE",$W$22,IF($X$22="PURE",$Y$22,IF($Z$22="PURE",$AA$22,IF($AB$22="PURE",$AC$22,IF($AD$22="PURE",$AE$22,IF($AF$22="PURE",$AG$22,IF($AH$22="PURE",$AI$22,""))))))))))
I23: =I11 -> 0 | J23: =J11 -> AG | K23: =K11 -> 1000 | L23: =L11 -> 20 | M23: =M11 -> Y | P23: =M11 -> Y | Q23: =N11 -> 3L | R23: =R11 -> 12 | S23: =S11 -> Y | T23: =W11 -> 500 | U23: =X11 -> 13 | V23: =AB11 -> UT | W23: =AC11 -> 1000 | X23: =AG11 -> 3.5 | Y23: =AH11 -> HT | Z23: =AL11 -> 3L | AA23: =AM11 -> 3.5 | AB23: =AQ11 -> W | AC23: =AR11 -> 0 | AD23: =AV11 -> 0 | AE23: =AW11 -> 0 | AF23: =BA11 -> 0 | AG23: =BB11 -> 0 | AH23: =BF11 -> 0 | AI23: =BG11 -> 0 | AK23: 10 | AL23: =IF($P$23="3L",$Q$23,IF($R$23="3L",$S$23,IF($T$23="3L",$U$23,IF($V$23="3L",$W$23,IF($X$23="3L",$Y$23,IF($Z$23="3L",$AA$23,IF($AB$23="3L",$AC$23,IF($AD$23="3L",$AE$23,IF($AF$23="3L",$AG$23,IF($AH$23="3L",$AI$23,"")))))))))) -> 3.5 | AM23: =IF($P$23="4L",$Q$23,IF($R$23="4L",$S$23,IF($T$23="4L",$U$23,IF($V$23="4L",$W$23,IF($X$23="4L",$Y$23,IF($Z$23="4L",$AA$23,IF($AB$23="4L",$AC$23,IF($AD$23="4L",$AE$23,IF($AF$23="4L",$AG$23,IF($AH$23="4L",$AI$23,"")))))))))) | AN23: =IF($P$23="5L",$Q$23,IF($R$23="5L",$S$23,IF($T$23="5L",$U$23,IF($V$23="5L",$W$23,IF($X$23="5L",$Y$23,IF($Z$23="5L",$AA$23,IF($AB$23="5L",$AC$23,IF($AD$23="5L",$AE$23,IF($AF$23="5L",$AG$23,IF($AH$23="5L",$AI$23,"")))))))))) | AO23: =IF($P$23="FUM",$Q$23,IF($R$23="FUM",$S$23,IF($T$23="FUM",$U$23,IF($V$23="FUM",$W$23,IF($X$23="FUM",$Y$23,IF($Z$23="FUM",$AA$23,IF($AB$23="FUM",$AC$23,IF($AD$23="FUM",$AE$23,IF($AF$23="FUM",$AG$23,IF($AH$23="FUM",$AI$23,"")))))))))) | AP23: =IF($P$23="PURE",$Q$23,IF($R$23="PURE",$S$23,IF($T$23="PURE",$U$23,IF($V$23="PURE",$W$23,IF($X$23="PURE",$Y$23,IF($Z$23="PURE",$AA$23,IF($AB$23="PURE",$AC$23,IF($AD$23="PURE",$AE$23,IF($AF$23="PURE",$AG$23,IF($AH$23="PURE",$AI$23,""))))))))))
I24: =N2 -> 3L | J24: =O2 -> 3.5 | K24: =P2 -> Pure | L24: =Q2 -> 750 | M24: =R2 -> 12
I25: =N3 -> 3L | J25: =O3 -> 3.5 | K25: =P3 -> Pure | L25: =Q3 -> 750 | M25: =R3 -> 12
I26: =N4 -> 3L | J26: =O4 -> 3.5 | K26: =P4 -> Pure | L26: =Q4 -> 750 | M26: =R4 -> 12
I27: =N5 -> 3L | J27: =O5 -> 3.5 | K27: =P5 -> Pure | L27: =Q5 -> 750 | M27: =R5 -> 12
I28: =N6 -> 3L | J28: =O6 -> 3.5 | K28: =P6 -> Pure | L28: =Q6 -> 750 | M28: =R6 -> 12
I29: =N7 -> 3L | J29: =O7 -> 3.5 | K29: =P7 -> Pure | L29: =Q7 -> 750 | M29: =R7 -> 12
I30: =N8 -> 3L | J30: =O8 -> 3.5 | K30: =P8 -> Pure | L30: =Q8 -> 750 | M30: =R8 -> 12
I31: =N9 -> 3L | J31: =O9 -> 3.5 | K31: =P9 -> Pure | L31: =Q9 -> 750 | M31: =R9 -> 12
I32: =N10 -> 3L | J32: =O10 -> 3.5 | K32: =P10 -> Pure | L32: =Q10 -> 750 | M32: =R10 -> 12
I33: =N11 -> 3L | J33: =O11 -> 3.5 | K33: =P11 -> Pure | L33: =Q11 -> 750 | M33: =R11 -> 12
I34: =S2 -> Y | J34: =T2 -> 3L | K34: =U2 -> 3.5 | L34: =V2 -> Loft | M34: =W2 -> 500
I35: =S3 -> Y | J35: =T3 -> 3L | K35: =U3 -> 3.5 | L35: =V3 -> Loft | M35: =W3 -> 500
I36: =S4 -> Y | J36: =T4 -> 3L | K36: =U4 -> 3.5 | L36: =V4 -> Loft | M36: =W4 -> 500
I37: =S5 -> Y | J37: =T5 -> 3L | K37: =U5 -> 3.5 | L37: =V5 -> Loft | M37: =W5 -> 500
I38: =S6 -> Y | J38: =T6 -> 3L | K38: =U6 -> 3.5 | L38: =V6 -> Loft | M38: =W6 -> 500
I39: =S7 -> Y | J39: =T7 -> 3L | K39: =U7 -> 3.5 | L39: =V7 -> Loft | M39: =W7 -> 500
I40: =S8 -> Y | J40: =T8 -> 3L | K40: =U8 -> 3.5 | L40: =V8 -> Loft | M40: =W8 -> 500
I41: =S9 -> Y | J41: =T9 -> 3L | K41: =U9 -> 3.5 | L41: =V9 -> Loft | M41: =W9 -> 500
I42: =S10 -> Y | J42: =T10 -> 3L | K42: =U10 -> 3.5 | L42: =V10 -> Loft | M42: =W10 -> 500
I43: =S11 -> Y | J43: =T11 -> 3L | K43: =U11 -> 3.5 | L43: =V11 -> Loft | M43: =W11 -> 500
I44: =X2 -> 13 | J44: =Y2 -> 0 | K44: =Z2 -> 0 | L44: =AA2 -> 3.5 | M44: =AB2 -> UT
I45: =X3 -> 13 | J45: =Y3 -> 0 | K45: =Z3 -> 0 | L45: =AA3 -> 3.5 | M45: =AB3 -> UT
I46: =X4 -> 13 | J46: =Y4 -> 0 | K46: =Z4 -> 0 | L46: =AA4 -> 3.5 | M46: =AB4 -> UT
I47: =X5 -> 13 | J47: =Y5 -> 0 | K47: =Z5 -> 0 | L47: =AA5 -> 3.5 | M47: =AB5 -> UT
I48: =X6 -> 13 | J48: =Y6 -> 0 | K48: =Z6 -> 0 | L48: =AA6 -> 3.5 | M48: =AB6 -> UT
I49: =X7 -> 13 | J49: =Y7 -> 0 | K49: =Z7 -> 0 | L49: =AA7 -> 3.5 | M49: =AB7 -> UT
I50: =X8 -> 13 | J50: =Y8 -> 0 | K50: =Z8 -> 0 | L50: =AA8 -> 3.5 | M50: =AB8 -> UT
I51: =X9 -> 13 | J51: =Y9 -> 0 | K51: =Z9 -> 0 | L51: =AA9 -> 3.5 | M51: =AB9 -> UT
I52: =X10 -> 13 | J52: =Y10 -> 0 | K52: =Z10 -> 0 | L52: =AA10 -> 3.5 | M52: =AB10 -> UT
I53: =X11 -> 13 | J53: =Y11 -> 0 | K53: =Z11 -> 0 | L53: =AA11 -> 3.5 | M53: =AB11 -> UT
I54: =AC2 -> 1000 | J54: =AD2 -> 2 | K54: =AE2 -> 0 | L54: =AF2 -> 0 | M54: =AG2 -> 3.5
I55: =AC3 -> 1000 | J55: =AD3 -> 2 | K55: =AE3 -> 0 | L55: =AF3 -> 0 | M55: =AG3 -> 3.5
I56: =AC4 -> 1000 | J56: =AD4 -> 2 | K56: =AE4 -> 0 | L56: =AF4 -> 0 | M56: =AG4 -> 3.5
I57: =AC5 -> 1000 | J57: =AD5 -> 2 | K57: =AE5 -> 0 | L57: =AF5 -> 0 | M57: =AG5 -> 3.5
I58: =AC6 -> 1000 | J58: =AD6 -> 2 | K58: =AE6 -> 0 | L58: =AF6 -> 0 | M58: =AG6 -> 3.5
I59: =AC7 -> 1000 | J59: =AD7 -> 2 | K59: =AE7 -> 0 | L59: =AF7 -> 0 | M59: =AG7 -> 3.5
I60: =AC8 -> 1000 | J60: =AD8 -> 2 | K60: =AE8 -> 0 | L60: =AF8 -> 0 | M60: =AG8 -> 3.5
I61: =AC9 -> 1000 | J61: =AD9 -> 2 | K61: =AE9 -> 0 | L61: =AF9 -> 0 | M61: =AG9 -> 3.5
I62: =AC10 -> 1000 | J62: =AD10 -> 2 | K62: =AE10 -> 0 | L62: =AF10 -> 0 | M62: =AG10 -> 3.5
I63: =AC11 -> 1000 | J63: =AD11 -> 2 | K63: =AE11 -> 0 | L63: =AF11 -> 0 | M63: =AG11 -> 3.5
I64: =AH2 -> HT | J64: =AI2 -> 2000 | K64: =AJ2 -> 1 | L64: =AK2 -> Y | M64: =AL2 -> 3L
I65: =AH3 -> HT | J65: =AI3 -> 2000 | K65: =AJ3 -> 1 | L65: =AK3 -> Y | M65: =AL3 -> 3L
I66: =AH4 -> HT | J66: =AI4 -> 2000 | K66: =AJ4 -> 1 | L66: =AK4 -> Y | M66: =AL4 -> 3L
I67: =AH5 -> HT | J67: =AI5 -> 2000 | K67: =AJ5 -> 1 | L67: =AK5 -> Y | M67: =AL5 -> 3L
I68: =AH6 -> HT | J68: =AI6 -> 2000 | K68: =AJ6 -> 1 | L68: =AK6 -> Y | M68: =AL6 -> 3L
I69: =AH7 -> HT | J69: =AI7 -> 2000 | K69: =AJ7 -> 1 | L69: =AK7 -> Y | M69: =AL7 -> 3L
I70: =AH8 -> HT | J70: =AI8 -> 2000 | K70: =AJ8 -> 1 | L70: =AK8 -> Y | M70: =AL8 -> 3L
I71: =AH9 -> HT | J71: =AI9 -> 2000 | K71: =AJ9 -> 1 | L71: =AK9 -> Y | M71: =AL9 -> 3L
I72: =AH10 -> HT | J72: =AI10 -> 2000 | K72: =AJ10 -> 1 | L72: =AK10 -> Y | M72: =AL10 -> 3L
I73: =AH11 -> HT | J73: =AI11 -> 2000 | K73: =AJ11 -> 1 | L73: =AK11 -> Y | M73: =AL11 -> 3L
I74: =AM2 -> 3.5 | J74: =AN2 -> CAP | K74: =AO2 -> 0 | L74: =AP2 -> 15 | M74: =AQ2 -> W
I75: =AM3 -> 3.5 | J75: =AN3 -> CAP | K75: =AO3 -> 0 | L75: =AP3 -> 15 | M75: =AQ3 -> W
I76: =AM4 -> 3.5 | J76: =AN4 -> CAP | K76: =AO4 -> 0 | L76: =AP4 -> 15 | M76: =AQ4 -> W
I77: =AM5 -> 3.5 | J77: =AN5 -> CAP | K77: =AO5 -> 0 | L77: =AP5 -> 15 | M77: =AQ5 -> W
I78: =AM6 -> 3.5 | J78: =AN6 -> CAP | K78: =AO6 -> 0 | L78: =AP6 -> 15 | M78: =AQ6 -> W
I79: =AM7 -> 3.5 | J79: =AN7 -> CAP | K79: =AO7 -> 0 | L79: =AP7 -> 15 | M79: =AQ7 -> W
I80: =AM8 -> 3.5 | J80: =AN8 -> CAP | K80: =AO8 -> 0 | L80: =AP8 -> 15 | M80: =AQ8 -> W
I81: =AM9 -> 3.5 | J81: =AN9 -> CAP | K81: =AO9 -> 0 | L81: =AP9 -> 15 | M81: =AQ9 -> W
I82: =AM10 -> 3.5 | J82: =AN10 -> CAP | K82: =AO10 -> 0 | L82: =AP10 -> 15 | M82: =AQ10 -> W
I83: =AM11 -> 3.5 | J83: =AN11 -> CAP | K83: =AO11 -> 0 | L83: =AP11 -> 15 | M83: =AQ11 -> W
I84: =AR2 -> 0 | J84: =AS2 -> 0 | K84: =AT2 -> 0 | L84: =AU2 -> 0 | M84: =AV2 -> 0
I85: =AR3 -> 0 | J85: =AS3 -> 0 | K85: =AT3 -> 0 | L85: =AU3 -> 0 | M85: =AV3 -> 0
I86: =AR4 -> 0 | J86: =AS4 -> 0 | K86: =AT4 -> 0 | L86: =AU4 -> 0 | M86: =AV4 -> 0
I87: =AR5 -> 0 | J87: =AS5 -> 0 | K87: =AT5 -> 0 | L87: =AU5 -> 0 | M87: =AV5 -> 0
I88: =AR6 -> 0 | J88: =AS6 -> 0 | K88: =AT6 -> 0 | L88: =AU6 -> 0 | M88: =AV6 -> 0
I89: =AR7 -> 0 | J89: =AS7 -> 0 | K89: =AT7 -> 0 | L89: =AU7 -> 0 | M89: =AV7 -> 0
I90: =AR8 -> 0 | J90: =AS8 -> 0 | K90: =AT8 -> 0 | L90: =AU8 -> 0 | M90: =AV8 -> 0
I91: =AR9 -> 0 | J91: =AS9 -> 0 | K91: =AT9 -> 0 | L91: =AU9 -> 0 | M91: =AV9 -> 0
I92: =AR10 -> 0 | J92: =AS10 -> 0 | K92: =AT10 -> 0 | L92: =AU10 -> 0 | M92: =AV10 -> 0
I93: =AR11 -> 0 | J93: =AS11 -> 0 | K93: =AT11 -> 0 | L93: =AU11 -> 0 | M93: =AV11 -> 0
I94: =AW2 -> 0 | J94: =AX2 -> 0 | K94: =AY2 -> 0 | L94: =AZ2 -> 0 | M94: =BA2 -> 0
I95: =AW3 -> 0 | J95: =AX3 -> 0 | K95: =AY3 -> 0 | L95: =AZ3 -> 0 | M95: =BA3 -> 0
I96: =AW4 -> 0 | J96: =AX4 -> 0 | K96: =AY4 -> 0 | L96: =AZ4 -> 0 | M96: =BA4 -> 0
I97: =AW5 -> 0 | J97: =AX5 -> 0 | K97: =AY5 -> 0 | L97: =AZ5 -> 0 | M97: =BA5 -> 0
I98: =AW6 -> 0 | J98: =AX6 -> 0 | K98: =AY6 -> 0 | L98: =AZ6 -> 0 | M98: =BA6 -> 0
I99: =AW7 -> 0 | J99: =AX7 -> 0 | K99: =AY7 -> 0 | L99: =AZ7 -> 0 | M99: =BA7 -> 0
I100: =AW8 -> 0 | J100: =AX8 -> 0 | K100: =AY8 -> 0 | L100: =AZ8 -> 0 | M100: =BA8 -> 0
I101: =AW9 -> 0 | J101: =AX9 -> 0 | K101: =AY9 -> 0 | L101: =AZ9 -> 0 | M101: =BA9 -> 0
I102: =AW10 -> 0 | J102: =AX10 -> 0 | K102: =AY10 -> 0 | L102: =AZ10 -> 0 | M102: =BA10 -> 0
...

Sheet EICHER
A1: Order ID | B1: Date | C1: Sales | D1: New Party | E1: Route | F1: Party Code | G1: Party Name | H1: Area | I1: Remarks | J1: Tank | K1: Size | L1: Qty | M1: Col | N1: Lay | O1: Rate | P1: Tank | Q1: Size | R1: Qty | S1: Col | T1: Lay | U1: Rate | V1: Tank | W1: Size | X1: Qty | Y1: Col | Z1: Lay | AA1: Rate | AB1: Tank | AC1: Size | AD1: Qty | AE1: Col | AF1: Lay | AG1: Rate | AH1: Tank | AI1: Size | AJ1: Qty | AK1: Col | AL1: Lay | AM1: Rate | AN1: Tank | AO1: Size | AP1: Qty | AQ1: Col | AR1: Lay | AS1: Rate | AT1: Tank | AU1: Size | AV1: Qty | AW1: Col | AX1: Lay | AY1: Rate | AZ1: Tank | BA1: Size | BB1: Qty | BC1: Col | BD1: Lay | BE1: Rate | BF1: Tank | BG1: Size | BH1: Qty | BI1: Col | BJ1: Lay | BK1: Rate | BL1: Tank | BM1: Size | BN1: Qty | BO1: Col | BP1: Lay | BQ1: Rate | BR1: Terms | BS1: Site Delivery | BT1: Ltrs
A2: 21420 | B2: 46031 | C2: A/C | D2: No | E2: AP | F2: AP08 | G2: PAWAN PUTRA AGENCY | H2: TIRUPATHI | J2: AG | K2: 1500 | L2: 8 | M2: Y | N2: 3L | O2: 3.5 | P2: AG | Q2: 1000 | R2: 10 | S2: Y | T2: 3L | U2: 3.5 | V2: AG | W2: 750 | X2: 10 | Y2: Y | Z2: 3L | AA2: 3.5 | AB2: AG | AC2: 500 | AD2: 20 | AE2: Y | AF2: 3L | AG2: 3.5 | BR2: COD | BS2: 3L-0.50 | BT2: =K2*L2+Q2*R2+W2*X2+AC2*AD2+AI2*AJ2+AO2*AP2+AU2*AV2+BA2*BB2+BG2*BH2+BM2*BN2 -> 39500
H14: =J2 -> AG | I14: =K2 -> 1500 | J14: =L2 -> 8 | K14: =M2 -> Y | L14: =N2 -> 3L | O14: =J2 -> AG | P14: =N2 -> 3L | Q14: =O2 -> 3.5 | R14: =P2 -> AG | S14: =T2 -> 3L | T14: =U2 -> 3.5 | U14: =V2 -> AG | V14: =Z2 -> 3L | W14: =AA2 -> 3.5 | X14: =AB2 -> AG | Y14: =AF2 -> 3L | Z14: =AG2 -> 3.5 | AA14: =AH2 -> 0 | AB14: =AL2 -> 0 | AC14: =AM2 -> 0 | AD14: =AN2 -> 0 | AE14: =AR2 -> 0 | AF14: =AS2 -> 0 | AG14: =AT2 -> 0 | AH14: =AX2 -> 0 | AI14: =AY2 -> 0 | AJ14: =AZ2 -> 0 | AK14: =BD2 -> 0 | AL14: =BE2 -> 0 | AM14: =BF2 -> 0 | AN14: =BJ2 -> 0 | AO14: =BK2 -> 0 | AP14: =BL2 -> 0 | AQ14: =BP2 -> 0 | AR14: =BQ2 -> 0 | AT14: 1 | AU14: =IF($P$14="3L",$Q$14,IF($S$14="3L",$T$14,IF($V$14="3L",$W$14,IF($Y$14="3L",$Z$14,IF($AB$14="3L",$AC$14,IF($AE$14="3L",$AF$14,IF($AH$14="3L",$AI$14,IF($AK$14="3L",$AL$14,IF($AN$14="3L",$AO$14,IF($AQ$14="3L",$AR$14,"")))))))))) -> 3.5 | AV14: =IF($P$14="4L",$Q$14,IF($S$14="4L",$T$14,IF($V$14="4L",$W$14,IF($Y$14="4L",$Z$14,IF($AB$14="4L",$AC$14,IF($AE$14="4L",$AF$14,IF($AH$14="4L",$AI$14,IF($AK$14="4L",$AL$14,IF($AN$14="4L",$AO$14,IF($AQ$14="4L",$AR$14,"")))))))))) | AW14: =IF($P$14="5L",$Q$14,IF($S$14="5L",$T$14,IF($V$14="5L",$W$14,IF($Y$14="5L",$Z$14,IF($AB$14="5L",$AC$14,IF($AE$14="5L",$AF$14,IF($AH$14="5L",$AI$14,IF($AK$14="5L",$AL$14,IF($AN$14="5L",$AO$14,IF($AQ$14="5L",$AR$14,"")))))))))) | AX14: =IF($P$14="6L",$Q$14,IF($S$14="6L",$T$14,IF($V$14="6L",$W$14,IF($Y$14="6L",$Z$14,IF($AB$14="6L",$AC$14,IF($AE$14="6L",$AF$14,IF($AH$14="6L",$AI$14,IF($AK$14="6L",$AL$14,IF($AN$14="6L",$AO$14,IF($AQ$14="6L",$AR$14,"")))))))))) | AY14: =IF($P$14="7L",$Q$14,IF($S$14="7L",$T$14,IF($V$14="7L",$W$14,IF($Y$14="7L",$Z$14,IF($AB$14="7L",$AC$14,IF($AE$14="7L",$AF$14,IF($AH$14="7L",$AI$14,IF($AK$14="7L",$AL$14,IF($AN$14="7L",$AO$14,IF($AQ$14="7L",$AR$14,"")))))))))) | AZ14: =IF($O$14="LOFT",$Q$14,IF($R$14="LOFT",$T$14,IF($U$14="LOFT",$W$14,IF($X$14="LOFT",$Z$14,IF($AA$14="LOFT",$AC$14,IF($AD$14="LOFT",$AF$14,IF($AG$14="LOFT",$AI$14,IF($AJ$14="LOFT",$AL$14,IF($AM$14="LOFT",$AO$14,IF($AP$14="LOFT",$AR$14,"")))))))))) | BA14: =IF($O$14="UT",$Q$14,IF($R$14="UT",$T$14,IF($U$14="UT",$W$14,IF($X$14="UT",$Z$14,IF($AA$14="UT",$AC$14,IF($AD$14="UT",$AF$14,IF($AG$14="UT",$AI$14,IF($AJ$14="UT",$AL$14,IF($AM$14="UT",$AO$14,IF($AP$14="UT",$AR$14,"")))))))))) | BB14: =IF($O$14="HT",$Q$14,IF($R$14="HT",$T$14,IF($U$14="HT",$W$14,IF($X$14="HT",$Z$14,IF($AA$14="HT",$AC$14,IF($AD$14="HT",$AF$14,IF($AG$14="HT",$AI$14,IF($AJ$14="HT",$AL$14,IF($AM$14="HT",$AO$14,IF($AP$14="HT",$AR$14,"")))))))))) | BC14: =IF($O$14="PURE",$Q$14,IF($R$14="PURE",$T$14,IF($U$14="PURE",$W$14,IF($X$14="PURE",$Z$14,IF($AA$14="PURE",$AC$14,IF($AD$14="PURE",$AF$14,IF($AG$14="PURE",$AI$14,IF($AJ$14="PURE",$AL$14,IF($AM$14="PURE",$AO$14,IF($AP$14="PURE",$AR$14,"")))))))))) | BD14: =IF($P$14="FUM",$Q$14,IF($S$14="FUM",$T$14,IF($V$14="FUM",$W$14,IF($Y$14="FUM",$Z$14,IF($AB$14="FUM",$AC$14,IF($AE$14="FUM",$AF$14,IF($AH$14="FUM",$AI$14,IF($AK$14="FUM",$AL$14,IF($AN$14="FUM",$AO$14,IF($AQ$14="FUM",$AR$14,""))))))))))
H15: =J3 -> 0 | I15: =K3 -> 0 | J15: =L3 -> 0 | K15: =M3 -> 0 | L15: =N3 -> 0 | O15: =J3 -> 0 | P15: =N3 -> 0 | Q15: =O3 -> 0 | R15: =P3 -> 0 | S15: =T3 -> 0 | T15: =U3 -> 0 | U15: =V3 -> 0 | V15: =Z3 -> 0 | W15: =AA3 -> 0 | X15: =AB3 -> 0 | Y15: =AF3 -> 0 | Z15: =AG3 -> 0 | AA15: =AH3 -> 0 | AB15: =AL3 -> 0 | AC15: =AM3 -> 0 | AD15: =AN3 -> 0 | AE15: =AR3 -> 0 | AF15: =AS3 -> 0 | AG15: =AT3 -> 0 | AH15: =AX3 -> 0 | AI15: =AY3 -> 0 | AJ15: =AZ3 -> 0 | AK15: =BD3 -> 0 | AL15: =BE3 -> 0 | AM15: =BF3 -> 0 | AN15: =BJ3 -> 0 | AO15: =BK3 -> 0 | AP15: =BL3 -> 0 | AQ15: =BP3 -> 0 | AR15: =BQ3 -> 0 | AT15: 2 | AU15: =IF($P$15="3L",$Q$15,IF($S$15="3L",$T$15,IF($V$15="3L",$W$15,IF($Y$15="3L",$Z$15,IF($AB$15="3L",$AC$15,IF($AE$15="3L",$AF$15,IF($AH$15="3L",$AI$15,IF($AK$15="3L",$AL$15,IF($AN$15="3L",$AO$15,IF($AQ$15="3L",$AR$15,"")))))))))) | AV15: =IF($P$15="4L",$Q$15,IF($S$15="4L",$T$15,IF($V$15="4L",$W$15,IF($Y$15="4L",$Z$15,IF($AB$15="4L",$AC$15,IF($AE$15="4L",$AF$15,IF($AH$15="4L",$AI$15,IF($AK$15="4L",$AL$15,IF($AN$15="4L",$AO$15,IF($AQ$15="4L",$AR$15,"")))))))))) | AW15: =IF($P$15="5L",$Q$15,IF($S$15="5L",$T$15,IF($V$15="5L",$W$15,IF($Y$15="5L",$Z$15,IF($AB$15="5L",$AC$15,IF($AE$15="5L",$AF$15,IF($AH$15="5L",$AI$15,IF($AK$15="5L",$AL$15,IF($AN$15="5L",$AO$15,IF($AQ$15="5L",$AR$15,"")))))))))) | AX15: =IF($P$15="6L",$Q$15,IF($S$15="6L",$T$15,IF($V$15="6L",$W$15,IF($Y$15="6L",$Z$15,IF($AB$15="6L",$AC$15,IF($AE$15="6L",$AF$15,IF($AH$15="6L",$AI$15,IF($AK$15="6L",$AL$15,IF($AN$15="6L",$AO$15,IF($AQ$15="6L",$AR$15,"")))))))))) | AY15: =IF($P$15="7L",$Q$15,IF($S$15="7L",$T$15,IF($V$15="7L",$W$15,IF($Y$15="7L",$Z$15,IF($AB$15="7L",$AC$15,IF($AE$15="7L",$AF$15,IF($AH$15="7L",$AI$15,IF($AK$15="7L",$AL$15,IF($AN$15="7L",$AO$15,IF($AQ$15="7L",$AR$15,"")))))))))) | AZ15: =IF($O$14="LOFT",$Q$14,IF($R$14="LOFT",$T$14,IF($U$14="LOFT",$W$14,IF($X$14="LOFT",$Z$14,IF($AA$14="LOFT",$AC$14,IF($AD$14="LOFT",$AF$14,IF($AG$14="LOFT",$AI$14,IF($AJ$14="LOFT",$AL$14,IF($AM$14="LOFT",$AO$14,IF($AP$14="LOFT",$AR$14,"")))))))))) | BA15: =IF($O$14="UT",$Q$14,IF($R$14="UT",$T$14,IF($U$14="UT",$W$14,IF($X$14="UT",$Z$14,IF($AA$14="UT",$AC$14,IF($AD$14="UT",$AF$14,IF($AG$14="UT",$AI$14,IF($AJ$14="UT",$AL$14,IF($AM$14="UT",$AO$14,IF($AP$14="UT",$AR$14,"")))))))))) | BB15: =IF($O$14="HT",$Q$14,IF($R$14="HT",$T$14,IF($U$14="HT",$W$14,IF($X$14="HT",$Z$14,IF($AA$14="HT",$AC$14,IF($AD$14="HT",$AF$14,IF($AG$14="HT",$AI$14,IF($AJ$14="HT",$AL$14,IF($AM$14="HT",$AO$14,IF($AP$14="HT",$AR$14,"")))))))))) | BC15: =IF($O$14="PURE",$Q$14,IF($R$14="PURE",$T$14,IF($U$14="PURE",$W$14,IF($X$14="PURE",$Z$14,IF($AA$14="PURE",$AC$14,IF($AD$14="PURE",$AF$14,IF($AG$14="PURE",$AI$14,IF($AJ$14="PURE",$AL$14,IF($AM$14="PURE",$AO$14,IF($AP$14="PURE",$AR$14,"")))))))))) | BD15: =IF($P$15="FUM",$Q$15,IF($S$15="FUM",$T$15,IF($V$15="FUM",$W$15,IF($Y$15="FUM",$Z$15,IF($AB$15="FUM",$AC$15,IF($AE$15="FUM",$AF$15,IF($AH$15="FUM",$AI$15,IF($AK$15="FUM",$AL$15,IF($AN$15="FUM",$AO$15,IF($AQ$15="FUM",$AR$15,""))))))))))
H16: =J4 -> 0 | I16: =K4 -> 0 | J16: =L4 -> 0 | K16: =M4 -> 0 | L16: =N4 -> 0 | O16: =J4 -> 0 | P16: =N4 -> 0 | Q16: =O4 -> 0 | R16: =P4 -> 0 | S16: =T4 -> 0 | T16: =U4 -> 0 | U16: =V4 -> 0 | V16: =Z4 -> 0 | W16: =AA4 -> 0 | X16: =AB4 -> 0 | Y16: =AF4 -> 0 | Z16: =AG4 -> 0 | AA16: =AH4 -> 0 | AB16: =AL4 -> 0 | AC16: =AM4 -> 0 | AD16: =AN4 -> 0 | AE16: =AR4 -> 0 | AF16: =AS4 -> 0 | AG16: =AT4 -> 0 | AH16: =AX4 -> 0 | AI16: =AY4 -> 0 | AJ16: =AZ4 -> 0 | AK16: =BD4 -> 0 | AL16: =BE4 -> 0 | AM16: =BF4 -> 0 | AN16: =BJ4 -> 0 | AO16: =BK4 -> 0 | AP16: =BL4 -> 0 | AQ16: =BP4 -> 0 | AR16: =BQ4 -> 0 | AT16: 3 | AU16: =IF($P$16="3L",$Q$16,IF($S$16="3L",$T$16,IF($V$16="3L",$W$16,IF($Y$16="3L",$Z$16,IF($AB$16="3L",$AC$16,IF($AE$16="3L",$AF$16,IF($AH$16="3L",$AI$16,IF($AK$16="3L",$AL$16,IF($AN$16="3L",$AO$16,IF($AQ$16="3L",$AR$16,"")))))))))) | AV16: =IF($P$16="4L",$Q$16,IF($S$16="4L",$T$16,IF($V$16="4L",$W$16,IF($Y$16="4L",$Z$16,IF($AB$16="4L",$AC$16,IF($AE$16="4L",$AF$16,IF($AH$16="4L",$AI$16,IF($AK$16="4L",$AL$16,IF($AN$16="4L",$AO$16,IF($AQ$16="4L",$AR$16,"")))))))))) | AW16: =IF($P$16="5L",$Q$16,IF($S$16="5L",$T$16,IF($V$16="5L",$W$16,IF($Y$16="5L",$Z$16,IF($AB$16="5L",$AC$16,IF($AE$16="5L",$AF$16,IF($AH$16="5L",$AI$16,IF($AK$16="5L",$AL$16,IF($AN$16="5L",$AO$16,IF($AQ$16="5L",$AR$16,"")))))))))) | AX16: =IF($P$16="6L",$Q$16,IF($S$16="6L",$T$16,IF($V$16="6L",$W$16,IF($Y$16="6L",$Z$16,IF($AB$16="6L",$AC$16,IF($AE$16="6L",$AF$16,IF($AH$16="6L",$AI$16,IF($AK$16="6L",$AL$16,IF($AN$16="6L",$AO$16,IF($AQ$16="6L",$AR$16,"")))))))))) | AY16: =IF($P$16="7L",$Q$16,IF($S$16="7L",$T$16,IF($V$16="7L",$W$16,IF($Y$16="7L",$Z$16,IF($AB$16="7L",$AC$16,IF($AE$16="7L",$AF$16,IF($AH$16="7L",$AI$16,IF($AK$16="7L",$AL$16,IF($AN$16="7L",$AO$16,IF($AQ$16="7L",$AR$16,"")))))))))) | AZ16: =IF($O$14="LOFT",$Q$14,IF($R$14="LOFT",$T$14,IF($U$14="LOFT",$W$14,IF($X$14="LOFT",$Z$14,IF($AA$14="LOFT",$AC$14,IF($AD$14="LOFT",$AF$14,IF($AG$14="LOFT",$AI$14,IF($AJ$14="LOFT",$AL$14,IF($AM$14="LOFT",$AO$14,IF($AP$14="LOFT",$AR$14,"")))))))))) | BA16: =IF($O$14="UT",$Q$14,IF($R$14="UT",$T$14,IF($U$14="UT",$W$14,IF($X$14="UT",$Z$14,IF($AA$14="UT",$AC$14,IF($AD$14="UT",$AF$14,IF($AG$14="UT",$AI$14,IF($AJ$14="UT",$AL$14,IF($AM$14="UT",$AO$14,IF($AP$14="UT",$AR$14,"")))))))))) | BB16: =IF($O$14="HT",$Q$14,IF($R$14="HT",$T$14,IF($U$14="HT",$W$14,IF($X$14="HT",$Z$14,IF($AA$14="HT",$AC$14,IF($AD$14="HT",$AF$14,IF($AG$14="HT",$AI$14,IF($AJ$14="HT",$AL$14,IF($AM$14="HT",$AO$14,IF($AP$14="HT",$AR$14,"")))))))))) | BC16: =IF($O$14="PURE",$Q$14,IF($R$14="PURE",$T$14,IF($U$14="PURE",$W$14,IF($X$14="PURE",$Z$14,IF($AA$14="PURE",$AC$14,IF($AD$14="PURE",$AF$14,IF($AG$14="PURE",$AI$14,IF($AJ$14="PURE",$AL$14,IF($AM$14="PURE",$AO$14,IF($AP$14="PURE",$AR$14,"")))))))))) | BD16: =IF($P$16="FUM",$Q$16,IF($S$16="FUM",$T$16,IF($V$16="FUM",$W$16,IF($Y$16="FUM",$Z$16,IF($AB$16="FUM",$AC$16,IF($AE$16="FUM",$AF$16,IF($AH$16="FUM",$AI$16,IF($AK$16="FUM",$AL$16,IF($AN$16="FUM",$AO$16,IF($AQ$16="FUM",$AR$16,""))))))))))
H17: =J5 -> 0 | I17: =K5 -> 0 | J17: =L5 -> 0 | K17: =M5 -> 0 | L17: =N5 -> 0 | O17: =J5 -> 0 | P17: =N5 -> 0 | Q17: =O5 -> 0 | R17: =P5 -> 0 | S17: =T5 -> 0 | T17: =U5 -> 0 | U17: =V5 -> 0 | V17: =Z5 -> 0 | W17: =AA5 -> 0 | X17: =AB5 -> 0 | Y17: =AF5 -> 0 | Z17: =AG5 -> 0 | AA17: =AH5 -> 0 | AB17: =AL5 -> 0 | AC17: =AM5 -> 0 | AD17: =AN5 -> 0 | AE17: =AR5 -> 0 | AF17: =AS5 -> 0 | AG17: =AT5 -> 0 | AH17: =AX5 -> 0 | AI17: =AY5 -> 0 | AJ17: =AZ5 -> 0 | AK17: =BD5 -> 0 | AL17: =BE5 -> 0 | AM17: =BF5 -> 0 | AN17: =BJ5 -> 0 | AO17: =BK5 -> 0 | AP17: =BL5 -> 0 | AQ17: =BP5 -> 0 | AR17: =BQ5 -> 0 | AT17: 4 | AU17: =IF($P$17="3L",$Q$17,IF($S$17="3L",$T$17,IF($V$17="3L",$W$17,IF($Y$17="3L",$Z$17,IF($AB$17="3L",$AC$17,IF($AE$17="3L",$AF$17,IF($AH$17="3L",$AI$17,IF($AK$17="3L",$AL$17,IF($AN$17="3L",$AO$17,IF($AQ$17="3L",$AR$17,"")))))))))) | AV17: =IF($P$17="4L",$Q$17,IF($S$17="4L",$T$17,IF($V$17="4L",$W$17,IF($Y$17="4L",$Z$17,IF($AB$17="4L",$AC$17,IF($AE$17="4L",$AF$17,IF($AH$17="4L",$AI$17,IF($AK$17="4L",$AL$17,IF($AN$17="4L",$AO$17,IF($AQ$17="4L",$AR$17,"")))))))))) | AW17: =IF($P$17="5L",$Q$17,IF($S$17="5L",$T$17,IF($V$17="5L",$W$17,IF($Y$17="5L",$Z$17,IF($AB$17="5L",$AC$17,IF($AE$17="5L",$AF$17,IF($AH$17="5L",$AI$17,IF($AK$17="5L",$AL$17,IF($AN$17="5L",$AO$17,IF($AQ$17="5L",$AR$17,"")))))))))) | AX17: =IF($P$17="6L",$Q$17,IF($S$17="6L",$T$17,IF($V$17="6L",$W$17,IF($Y$17="6L",$Z$17,IF($AB$17="6L",$AC$17,IF($AE$17="6L",$AF$17,IF($AH$17="6L",$AI$17,IF($AK$17="6L",$AL$17,IF($AN$17="6L",$AO$17,IF($AQ$17="6L",$AR$17,"")))))))))) | AY17: =IF($P$17="7L",$Q$17,IF($S$17="7L",$T$17,IF($V$17="7L",$W$17,IF($Y$17="7L",$Z$17,IF($AB$17="7L",$AC$17,IF($AE$17="7L",$AF$17,IF($AH$17="7L",$AI$17,IF($AK$17="7L",$AL$17,IF($AN$17="7L",$AO$17,IF($AQ$17="7L",$AR$17,"")))))))))) | AZ17: =IF($O$14="LOFT",$Q$14,IF($R$14="LOFT",$T$14,IF($U$14="LOFT",$W$14,IF($X$14="LOFT",$Z$14,IF($AA$14="LOFT",$AC$14,IF($AD$14="LOFT",$AF$14,IF($AG$14="LOFT",$AI$14,IF($AJ$14="LOFT",$AL$14,IF($AM$14="LOFT",$AO$14,IF($AP$14="LOFT",$AR$14,"")))))))))) | BA17: =IF($O$14="UT",$Q$14,IF($R$14="UT",$T$14,IF($U$14="UT",$W$14,IF($X$14="UT",$Z$14,IF($AA$14="UT",$AC$14,IF($AD$14="UT",$AF$14,IF($AG$14="UT",$AI$14,IF($AJ$14="UT",$AL$14,IF($AM$14="UT",$AO$14,IF($AP$14="UT",$AR$14,"")))))))))) | BB17: =IF($O$14="HT",$Q$14,IF($R$14="HT",$T$14,IF($U$14="HT",$W$14,IF($X$14="HT",$Z$14,IF($AA$14="HT",$AC$14,IF($AD$14="HT",$AF$14,IF($AG$14="HT",$AI$14,IF($AJ$14="HT",$AL$14,IF($AM$14="HT",$AO$14,IF($AP$14="HT",$AR$14,"")))))))))) | BC17: =IF($O$14="PURE",$Q$14,IF($R$14="PURE",$T$14,IF($U$14="PURE",$W$14,IF($X$14="PURE",$Z$14,IF($AA$14="PURE",$AC$14,IF($AD$14="PURE",$AF$14,IF($AG$14="PURE",$AI$14,IF($AJ$14="PURE",$AL$14,IF($AM$14="PURE",$AO$14,IF($AP$14="PURE",$AR$14,"")))))))))) | BD17: =IF($P$17="FUM",$Q$17,IF($S$17="FUM",$T$17,IF($V$17="FUM",$W$17,IF($Y$17="FUM",$Z$17,IF($AB$17="FUM",$AC$17,IF($AE$17="FUM",$AF$17,IF($AH$17="FUM",$AI$17,IF($AK$17="FUM",$AL$17,IF($AN$17="FUM",$AO$17,IF($AQ$17="FUM",$AR$17,""))))))))))
H18: =J6 -> 0 | I18: =K6 -> 0 | J18: =L6 -> 0 | K18: =M6 -> 0 | L18: =N6 -> 0 | O18: =J6 -> 0 | P18: =N6 -> 0 | Q18: =O6 -> 0 | R18: =P6 -> 0 | S18: =T6 -> 0 | T18: =U6 -> 0 | U18: =V6 -> 0 | V18: =Z6 -> 0 | W18: =AA6 -> 0 | X18: =AB6 -> 0 | Y18: =AF6 -> 0 | Z18: =AG6 -> 0 | AA18: =AH6 -> 0 | AB18: =AL6 -> 0 | AC18: =AM6 -> 0 | AD18: =AN6 -> 0 | AE18: =AR6 -> 0 | AF18: =AS6 -> 0 | AG18: =AT6 -> 0 | AH18: =AX6 -> 0 | AI18: =AY6 -> 0 | AJ18: =AZ6 -> 0 | AK18: =BD6 -> 0 | AL18: =BE6 -> 0 | AM18: =BF6 -> 0 | AN18: =BJ6 -> 0 | AO18: =BK6 -> 0 | AP18: =BL6 -> 0 | AQ18: =BP6 -> 0 | AR18: =BQ6 -> 0 | AT18: 5 | AU18: =IF($P$18="3L",$Q$18,IF($S$18="3L",$T$18,IF($V$18="3L",$W$18,IF($Y$18="3L",$Z$18,IF($AB$18="3L",$AC$18,IF($AE$18="3L",$AF$18,IF($AH$18="3L",$AI$18,IF($AK$18="3L",$AL$18,IF($AN$18="3L",$AO$18,IF($AQ$18="3L",$AR$18,"")))))))))) | AV18: =IF($P$18="4L",$Q$18,IF($S$18="4L",$T$18,IF($V$18="4L",$W$18,IF($Y$18="4L",$Z$18,IF($AB$18="4L",$AC$18,IF($AE$18="4L",$AF$18,IF($AH$18="4L",$AI$18,IF($AK$18="4L",$AL$18,IF($AN$18="4L",$AO$18,IF($AQ$18="4L",$AR$18,"")))))))))) | AW18: =IF($P$18="5L",$Q$18,IF($S$18="5L",$T$18,IF($V$18="5L",$W$18,IF($Y$18="5L",$Z$18,IF($AB$18="5L",$AC$18,IF($AE$18="5L",$AF$18,IF($AH$18="5L",$AI$18,IF($AK$18="5L",$AL$18,IF($AN$18="5L",$AO$18,IF($AQ$18="5L",$AR$18,"")))))))))) | AX18: =IF($P$18="6L",$Q$18,IF($S$18="6L",$T$18,IF($V$18="6L",$W$18,IF($Y$18="6L",$Z$18,IF($AB$18="6L",$AC$18,IF($AE$18="6L",$AF$18,IF($AH$18="6L",$AI$18,IF($AK$18="6L",$AL$18,IF($AN$18="6L",$AO$18,IF($AQ$18="6L",$AR$18,"")))))))))) | AY18: =IF($P$18="7L",$Q$18,IF($S$18="7L",$T$18,IF($V$18="7L",$W$18,IF($Y$18="7L",$Z$18,IF($AB$18="7L",$AC$18,IF($AE$18="7L",$AF$18,IF($AH$18="7L",$AI$18,IF($AK$18="7L",$AL$18,IF($AN$18="7L",$AO$18,IF($AQ$18="7L",$AR$18,"")))))))))) | AZ18: =IF($O$14="LOFT",$Q$14,IF($R$14="LOFT",$T$14,IF($U$14="LOFT",$W$14,IF($X$14="LOFT",$Z$14,IF($AA$14="LOFT",$AC$14,IF($AD$14="LOFT",$AF$14,IF($AG$14="LOFT",$AI$14,IF($AJ$14="LOFT",$AL$14,IF($AM$14="LOFT",$AO$14,IF($AP$14="LOFT",$AR$14,"")))))))))) | BA18: =IF($O$14="UT",$Q$14,IF($R$14="UT",$T$14,IF($U$14="UT",$W$14,IF($X$14="UT",$Z$14,IF($AA$14="UT",$AC$14,IF($AD$14="UT",$AF$14,IF($AG$14="UT",$AI$14,IF($AJ$14="UT",$AL$14,IF($AM$14="UT",$AO$14,IF($AP$14="UT",$AR$14,"")))))))))) | BB18: =IF($O$14="HT",$Q$14,IF($R$14="HT",$T$14,IF($U$14="HT",$W$14,IF($X$14="HT",$Z$14,IF($AA$14="HT",$AC$14,IF($AD$14="HT",$AF$14,IF($AG$14="HT",$AI$14,IF($AJ$14="HT",$AL$14,IF($AM$14="HT",$AO$14,IF($AP$14="HT",$AR$14,"")))))))))) | BC18: =IF($O$14="PURE",$Q$14,IF($R$14="PURE",$T$14,IF($U$14="PURE",$W$14,IF($X$14="PURE",$Z$14,IF($AA$14="PURE",$AC$14,IF($AD$14="PURE",$AF$14,IF($AG$14="PURE",$AI$14,IF($AJ$14="PURE",$AL$14,IF($AM$14="PURE",$AO$14,IF($AP$14="PURE",$AR$14,"")))))))))) | BD18: =IF($P$18="FUM",$Q$18,IF($S$18="FUM",$T$18,IF($V$18="FUM",$W$18,IF($Y$18="FUM",$Z$18,IF($AB$18="FUM",$AC$18,IF($AE$18="FUM",$AF$18,IF($AH$18="FUM",$AI$18,IF($AK$18="FUM",$AL$18,IF($AN$18="FUM",$AO$18,IF($AQ$18="FUM",$AR$18,""))))))))))
H19: =J7 -> 0 | I19: =K7 -> 0 | J19: =L7 -> 0 | K19: =M7 -> 0 | L19: =N7 -> 0 | O19: =J7 -> 0 | P19: =N7 -> 0 | Q19: =O7 -> 0 | R19: =P7 -> 0 | S19: =T7 -> 0 | T19: =U7 -> 0 | U19: =V7 -> 0 | V19: =Z7 -> 0 | W19: =AA7 -> 0 | X19: =AB7 -> 0 | Y19: =AF7 -> 0 | Z19: =AG7 -> 0 | AA19: =AH7 -> 0 | AB19: =AL7 -> 0 | AC19: =AM7 -> 0 | AD19: =AN7 -> 0 | AE19: =AR7 -> 0 | AF19: =AS7 -> 0 | AG19: =AT7 -> 0 | AH19: =AX7 -> 0 | AI19: =AY7 -> 0 | AJ19: =AZ7 -> 0 | AK19: =BD7 -> 0 | AL19: =BE7 -> 0 | AM19: =BF7 -> 0 | AN19: =BJ7 -> 0 | AO19: =BK7 -> 0 | AP19: =BL7 -> 0 | AQ19: =BP7 -> 0 | AR19: =BQ7 -> 0 | AT19: 6 | AU19: =IF($P$19="3L",$Q$19,IF($S$19="3L",$T$19,IF($V$19="3L",$W$19,IF($Y$19="3L",$Z$19,IF($AB$19="3L",$AC$19,IF($AE$19="3L",$AF$19,IF($AH$19="3L",$AI$19,IF($AK$19="3L",$AL$19,IF($AN$19="3L",$AO$19,IF($AQ$19="3L",$AR$19,"")))))))))) | AV19: =IF($P$19="4L",$Q$19,IF($S$19="4L",$T$19,IF($V$19="4L",$W$19,IF($Y$19="4L",$Z$19,IF($AB$19="4L",$AC$19,IF($AE$19="4L",$AF$19,IF($AH$19="4L",$AI$19,IF($AK$19="4L",$AL$19,IF($AN$19="4L",$AO$19,IF($AQ$19="4L",$AR$19,"")))))))))) | AW19: =IF($P$19="5L",$Q$19,IF($S$19="5L",$T$19,IF($V$19="5L",$W$19,IF($Y$19="5L",$Z$19,IF($AB$19="5L",$AC$19,IF($AE$19="5L",$AF$19,IF($AH$19="5L",$AI$19,IF($AK$19="5L",$AL$19,IF($AN$19="5L",$AO$19,IF($AQ$19="5L",$AR$19,"")))))))))) | AX19: =IF($P$19="6L",$Q$19,IF($S$19="6L",$T$19,IF($V$19="6L",$W$19,IF($Y$19="6L",$Z$19,IF($AB$19="6L",$AC$19,IF($AE$19="6L",$AF$19,IF($AH$19="6L",$AI$19,IF($AK$19="6L",$AL$19,IF($AN$19="6L",$AO$19,IF($AQ$19="6L",$AR$19,"")))))))))) | AY19: =IF($P$19="7L",$Q$19,IF($S$19="7L",$T$19,IF($V$19="7L",$W$19,IF($Y$19="7L",$Z$19,IF($AB$19="7L",$AC$19,IF($AE$19="7L",$AF$19,IF($AH$19="7L",$AI$19,IF($AK$19="7L",$AL$19,IF($AN$19="7L",$AO$19,IF($AQ$19="7L",$AR$19,"")))))))))) | AZ19: =IF($O$14="LOFT",$Q$14,IF($R$14="LOFT",$T$14,IF($U$14="LOFT",$W$14,IF($X$14="LOFT",$Z$14,IF($AA$14="LOFT",$AC$14,IF($AD$14="LOFT",$AF$14,IF($AG$14="LOFT",$AI$14,IF($AJ$14="LOFT",$AL$14,IF($AM$14="LOFT",$AO$14,IF($AP$14="LOFT",$AR$14,"")))))))))) | BA19: =IF($O$14="UT",$Q$14,IF($R$14="UT",$T$14,IF($U$14="UT",$W$14,IF($X$14="UT",$Z$14,IF($AA$14="UT",$AC$14,IF($AD$14="UT",$AF$14,IF($AG$14="UT",$AI$14,IF($AJ$14="UT",$AL$14,IF($AM$14="UT",$AO$14,IF($AP$14="UT",$AR$14,"")))))))))) | BB19: =IF($O$14="HT",$Q$14,IF($R$14="HT",$T$14,IF($U$14="HT",$W$14,IF($X$14="HT",$Z$14,IF($AA$14="HT",$AC$14,IF($AD$14="HT",$AF$14,IF($AG$14="HT",$AI$14,IF($AJ$14="HT",$AL$14,IF($AM$14="HT",$AO$14,IF($AP$14="HT",$AR$14,"")))))))))) | BC19: =IF($O$14="PURE",$Q$14,IF($R$14="PURE",$T$14,IF($U$14="PURE",$W$14,IF($X$14="PURE",$Z$14,IF($AA$14="PURE",$AC$14,IF($AD$14="PURE",$AF$14,IF($AG$14="PURE",$AI$14,IF($AJ$14="PURE",$AL$14,IF($AM$14="PURE",$AO$14,IF($AP$14="PURE",$AR$14,"")))))))))) | BD19: =IF($P$19="FUM",$Q$19,IF($S$19="FUM",$T$19,IF($V$19="FUM",$W$19,IF($Y$19="FUM",$Z$19,IF($AB$19="FUM",$AC$19,IF($AE$19="FUM",$AF$19,IF($AH$19="FUM",$AI$19,IF($AK$19="FUM",$AL$19,IF($AN$19="FUM",$AO$19,IF($AQ$19="FUM",$AR$19,""))))))))))
H20: =J8 -> 0 | I20: =K8 -> 0 | J20: =L8 -> 0 | K20: =M8 -> 0 | L20: =N8 -> 0 | O20: =J8 -> 0 | P20: =N8 -> 0 | Q20: =O8 -> 0 | R20: =P8 -> 0 | S20: =T8 -> 0 | T20: =U8 -> 0 | U20: =V8 -> 0 | V20: =Z8 -> 0 | W20: =AA8 -> 0 | X20: =AB8 -> 0 | Y20: =AF8 -> 0 | Z20: =AG8 -> 0 | AA20: =AH8 -> 0 | AB20: =AL8 -> 0 | AC20: =AM8 -> 0 | AD20: =AN8 -> 0 | AE20: =AR8 -> 0 | AF20: =AS8 -> 0 | AG20: =AT8 -> 0 | AH20: =AX8 -> 0 | AI20: =AY8 -> 0 | AJ20: =AZ8 -> 0 | AK20: =BD8 -> 0 | AL20: =BE8 -> 0 | AM20: =BF8 -> 0 | AN20: =BJ8 -> 0 | AO20: =BK8 -> 0 | AP20: =BL8 -> 0 | AQ20: =BP8 -> 0 | AR20: =BQ8 -> 0 | AT20: 7 | AU20: =IF($P$20="3L",$Q$20,IF($S$20="3L",$T$20,IF($V$20="3L",$W$20,IF($Y$20="3L",$Z$20,IF($AB$20="3L",$AC$20,IF($AE$20="3L",$AF$20,IF($AH$20="3L",$AI$20,IF($AK$20="3L",$AL$20,IF($AN$20="3L",$AO$20,IF($AQ$20="3L",$AR$20,"")))))))))) | AV20: =IF($P$20="4L",$Q$20,IF($S$20="4L",$T$20,IF($V$20="4L",$W$20,IF($Y$20="4L",$Z$20,IF($AB$20="4L",$AC$20,IF($AE$20="4L",$AF$20,IF($AH$20="4L",$AI$20,IF($AK$20="4L",$AL$20,IF($AN$20="4L",$AO$20,IF($AQ$20="4L",$AR$20,"")))))))))) | AW20: =IF($P$20="5L",$Q$20,IF($S$20="5L",$T$20,IF($V$20="5L",$W$20,IF($Y$20="5L",$Z$20,IF($AB$20="5L",$AC$20,IF($AE$20="5L",$AF$20,IF($AH$20="5L",$AI$20,IF($AK$20="5L",$AL$20,IF($AN$20="5L",$AO$20,IF($AQ$20="5L",$AR$20,"")))))))))) | AX20: =IF($P$20="6L",$Q$20,IF($S$20="6L",$T$20,IF($V$20="6L",$W$20,IF($Y$20="6L",$Z$20,IF($AB$20="6L",$AC$20,IF($AE$20="6L",$AF$20,IF($AH$20="6L",$AI$20,IF($AK$20="6L",$AL$20,IF($AN$20="6L",$AO$20,IF($AQ$20="6L",$AR$20,"")))))))))) | AY20: =IF($P$20="7L",$Q$20,IF($S$20="7L",$T$20,IF($V$20="7L",$W$20,IF($Y$20="7L",$Z$20,IF($AB$20="7L",$AC$20,IF($AE$20="7L",$AF$20,IF($AH$20="7L",$AI$20,IF($AK$20="7L",$AL$20,IF($AN$20="7L",$AO$20,IF($AQ$20="7L",$AR$20,"")))))))))) | AZ20: =IF($O$14="LOFT",$Q$14,IF($R$14="LOFT",$T$14,IF($U$14="LOFT",$W$14,IF($X$14="LOFT",$Z$14,IF($AA$14="LOFT",$AC$14,IF($AD$14="LOFT",$AF$14,IF($AG$14="LOFT",$AI$14,IF($AJ$14="LOFT",$AL$14,IF($AM$14="LOFT",$AO$14,IF($AP$14="LOFT",$AR$14,"")))))))))) | BA20: =IF($O$14="UT",$Q$14,IF($R$14="UT",$T$14,IF($U$14="UT",$W$14,IF($X$14="UT",$Z$14,IF($AA$14="UT",$AC$14,IF($AD$14="UT",$AF$14,IF($AG$14="UT",$AI$14,IF($AJ$14="UT",$AL$14,IF($AM$14="UT",$AO$14,IF($AP$14="UT",$AR$14,"")))))))))) | BB20: =IF($O$14="HT",$Q$14,IF($R$14="HT",$T$14,IF($U$14="HT",$W$14,IF($X$14="HT",$Z$14,IF($AA$14="HT",$AC$14,IF($AD$14="HT",$AF$14,IF($AG$14="HT",$AI$14,IF($AJ$14="HT",$AL$14,IF($AM$14="HT",$AO$14,IF($AP$14="HT",$AR$14,"")))))))))) | BC20: =IF($O$14="PURE",$Q$14,IF($R$14="PURE",$T$14,IF($U$14="PURE",$W$14,IF($X$14="PURE",$Z$14,IF($AA$14="PURE",$AC$14,IF($AD$14="PURE",$AF$14,IF($AG$14="PURE",$AI$14,IF($AJ$14="PURE",$AL$14,IF($AM$14="PURE",$AO$14,IF($AP$14="PURE",$AR$14,"")))))))))) | BD20: =IF($P$20="FUM",$Q$20,IF($S$20="FUM",$T$20,IF($V$20="FUM",$W$20,IF($Y$20="FUM",$Z$20,IF($AB$20="FUM",$AC$20,IF($AE$20="FUM",$AF$20,IF($AH$20="FUM",$AI$20,IF($AK$20="FUM",$AL$20,IF($AN$20="FUM",$AO$20,IF($AQ$20="FUM",$AR$20,""))))))))))
H21: =J9 -> 0 | I21: =K9 -> 0 | J21: =L9 -> 0 | K21: =M9 -> 0 | L21: =N9 -> 0 | O21: =J9 -> 0 | P21: =N9 -> 0 | Q21: =O9 -> 0 | R21: =P9 -> 0 | S21: =T9 -> 0 | T21: =U9 -> 0 | U21: =V9 -> 0 | V21: =Z9 -> 0 | W21: =AA9 -> 0 | X21: =AB9 -> 0 | Y21: =AF9 -> 0 | Z21: =AG9 -> 0 | AA21: =AH9 -> 0 | AB21: =AL9 -> 0 | AC21: =AM9 -> 0 | AD21: =AN9 -> 0 | AE21: =AR9 -> 0 | AF21: =AS9 -> 0 | AG21: =AT9 -> 0 | AH21: =AX9 -> 0 | AI21: =AY9 -> 0 | AJ21: =AZ9 -> 0 | AK21: =BD9 -> 0 | AL21: =BE9 -> 0 | AM21: =BF9 -> 0 | AN21: =BJ9 -> 0 | AO21: =BK9 -> 0 | AP21: =BL9 -> 0 | AQ21: =BP9 -> 0 | AR21: =BQ9 -> 0 | AT21: 8 | AU21: =IF($P$21="3L",$Q$21,IF($S$21="3L",$T$21,IF($V$21="3L",$W$21,IF($Y$21="3L",$Z$21,IF($AB$21="3L",$AC$21,IF($AE$21="3L",$AF$21,IF($AH$21="3L",$AI$21,IF($AK$21="3L",$AL$21,IF($AN$21="3L",$AO$21,IF($AQ$21="3L",$AR$21,"")))))))))) | AV21: =IF($P$21="4L",$Q$21,IF($S$21="4L",$T$21,IF($V$21="4L",$W$21,IF($Y$21="4L",$Z$21,IF($AB$21="4L",$AC$21,IF($AE$21="4L",$AF$21,IF($AH$21="4L",$AI$21,IF($AK$21="4L",$AL$21,IF($AN$21="4L",$AO$21,IF($AQ$21="4L",$AR$21,"")))))))))) | AW21: =IF($P$21="5L",$Q$21,IF($S$21="5L",$T$21,IF($V$21="5L",$W$21,IF($Y$21="5L",$Z$21,IF($AB$21="5L",$AC$21,IF($AE$21="5L",$AF$21,IF($AH$21="5L",$AI$21,IF($AK$21="5L",$AL$21,IF($AN$21="5L",$AO$21,IF($AQ$21="5L",$AR$21,"")))))))))) | AX21: =IF($P$21="6L",$Q$21,IF($S$21="6L",$T$21,IF($V$21="6L",$W$21,IF($Y$21="6L",$Z$21,IF($AB$21="6L",$AC$21,IF($AE$21="6L",$AF$21,IF($AH$21="6L",$AI$21,IF($AK$21="6L",$AL$21,IF($AN$21="6L",$AO$21,IF($AQ$21="6L",$AR$21,"")))))))))) | AY21: =IF($P$21="7L",$Q$21,IF($S$21="7L",$T$21,IF($V$21="7L",$W$21,IF($Y$21="7L",$Z$21,IF($AB$21="7L",$AC$21,IF($AE$21="7L",$AF$21,IF($AH$21="7L",$AI$21,IF($AK$21="7L",$AL$21,IF($AN$21="7L",$AO$21,IF($AQ$21="7L",$AR$21,"")))))))))) | AZ21: =IF($O$14="LOFT",$Q$14,IF($R$14="LOFT",$T$14,IF($U$14="LOFT",$W$14,IF($X$14="LOFT",$Z$14,IF($AA$14="LOFT",$AC$14,IF($AD$14="LOFT",$AF$14,IF($AG$14="LOFT",$AI$14,IF($AJ$14="LOFT",$AL$14,IF($AM$14="LOFT",$AO$14,IF($AP$14="LOFT",$AR$14,"")))))))))) | BA21: =IF($O$14="UT",$Q$14,IF($R$14="UT",$T$14,IF($U$14="UT",$W$14,IF($X$14="UT",$Z$14,IF($AA$14="UT",$AC$14,IF($AD$14="UT",$AF$14,IF($AG$14="UT",$AI$14,IF($AJ$14="UT",$AL$14,IF($AM$14="UT",$AO$14,IF($AP$14="UT",$AR$14,"")))))))))) | BB21: =IF($O$14="HT",$Q$14,IF($R$14="HT",$T$14,IF($U$14="HT",$W$14,IF($X$14="HT",$Z$14,IF($AA$14="HT",$AC$14,IF($AD$14="HT",$AF$14,IF($AG$14="HT",$AI$14,IF($AJ$14="HT",$AL$14,IF($AM$14="HT",$AO$14,IF($AP$14="HT",$AR$14,"")))))))))) | BC21: =IF($O$14="PURE",$Q$14,IF($R$14="PURE",$T$14,IF($U$14="PURE",$W$14,IF($X$14="PURE",$Z$14,IF($AA$14="PURE",$AC$14,IF($AD$14="PURE",$AF$14,IF($AG$14="PURE",$AI$14,IF($AJ$14="PURE",$AL$14,IF($AM$14="PURE",$AO$14,IF($AP$14="PURE",$AR$14,"")))))))))) | BD21: =IF($P$21="FUM",$Q$21,IF($S$21="FUM",$T$21,IF($V$21="FUM",$W$21,IF($Y$21="FUM",$Z$21,IF($AB$21="FUM",$AC$21,IF($AE$21="FUM",$AF$21,IF($AH$21="FUM",$AI$21,IF($AK$21="FUM",$AL$21,IF($AN$21="FUM",$AO$21,IF($AQ$21="FUM",$AR$21,""))))))))))
H22: =J10 -> 0 | I22: =K10 -> 0 | J22: =L10 -> 0 | K22: =M10 -> 0 | L22: =N10 -> 0 | O22: =J10 -> 0 | P22: =N10 -> 0 | Q22: =O10 -> 0 | R22: =P10 -> 0 | S22: =T10 -> 0 | T22: =U10 -> 0 | U22: =V10 -> 0 | V22: =Z10 -> 0 | W22: =AA10 -> 0 | X22: =AB10 -> 0 | Y22: =AF10 -> 0 | Z22: =AG10 -> 0 | AA22: =AH10 -> 0 | AB22: =AL10 -> 0 | AC22: =AM10 -> 0 | AD22: =AN10 -> 0 | AE22: =AR10 -> 0 | AF22: =AS10 -> 0 | AG22: =AT10 -> 0 | AH22: =AX10 -> 0 | AI22: =AY10 -> 0 | AJ22: =AZ10 -> 0 | AK22: =BD10 -> 0 | AL22: =BE10 -> 0 | AM22: =BF10 -> 0 | AN22: =BJ10 -> 0 | AO22: =BK10 -> 0 | AP22: =BL10 -> 0 | AQ22: =BP10 -> 0 | AR22: =BQ10 -> 0 | AT22: 9 | AU22: =IF($P$22="3L",$Q$22,IF($S$22="3L",$T$22,IF($V$22="3L",$W$22,IF($Y$22="3L",$Z$22,IF($AB$22="3L",$AC$22,IF($AE$22="3L",$AF$22,IF($AH$22="3L",$AI$22,IF($AK$22="3L",$AL$22,IF($AN$22="3L",$AO$22,IF($AQ$22="3L",$AR$22,"")))))))))) | AV22: =IF($P$22="4L",$Q$22,IF($S$22="4L",$T$22,IF($V$22="4L",$W$22,IF($Y$22="4L",$Z$22,IF($AB$22="4L",$AC$22,IF($AE$22="4L",$AF$22,IF($AH$22="4L",$AI$22,IF($AK$22="4L",$AL$22,IF($AN$22="4L",$AO$22,IF($AQ$22="4L",$AR$22,"")))))))))) | AW22: =IF($P$22="5L",$Q$22,IF($S$22="5L",$T$22,IF($V$22="5L",$W$22,IF($Y$22="5L",$Z$22,IF($AB$22="5L",$AC$22,IF($AE$22="5L",$AF$22,IF($AH$22="5L",$AI$22,IF($AK$22="5L",$AL$22,IF($AN$22="5L",$AO$22,IF($AQ$22="5L",$AR$22,"")))))))))) | AX22: =IF($P$22="6L",$Q$22,IF($S$22="6L",$T$22,IF($V$22="6L",$W$22,IF($Y$22="6L",$Z$22,IF($AB$22="6L",$AC$22,IF($AE$22="6L",$AF$22,IF($AH$22="6L",$AI$22,IF($AK$22="6L",$AL$22,IF($AN$22="6L",$AO$22,IF($AQ$22="6L",$AR$22,"")))))))))) | AY22: =IF($P$22="7L",$Q$22,IF($S$22="7L",$T$22,IF($V$22="7L",$W$22,IF($Y$22="7L",$Z$22,IF($AB$22="7L",$AC$22,IF($AE$22="7L",$AF$22,IF($AH$22="7L",$AI$22,IF($AK$22="7L",$AL$22,IF($AN$22="7L",$AO$22,IF($AQ$22="7L",$AR$22,"")))))))))) | AZ22: =IF($O$14="LOFT",$Q$14,IF($R$14="LOFT",$T$14,IF($U$14="LOFT",$W$14,IF($X$14="LOFT",$Z$14,IF($AA$14="LOFT",$AC$14,IF($AD$14="LOFT",$AF$14,IF($AG$14="LOFT",$AI$14,IF($AJ$14="LOFT",$AL$14,IF($AM$14="LOFT",$AO$14,IF($AP$14="LOFT",$AR$14,"")))))))))) | BA22: =IF($O$14="UT",$Q$14,IF($R$14="UT",$T$14,IF($U$14="UT",$W$14,IF($X$14="UT",$Z$14,IF($AA$14="UT",$AC$14,IF($AD$14="UT",$AF$14,IF($AG$14="UT",$AI$14,IF($AJ$14="UT",$AL$14,IF($AM$14="UT",$AO$14,IF($AP$14="UT",$AR$14,"")))))))))) | BB22: =IF($O$14="HT",$Q$14,IF($R$14="HT",$T$14,IF($U$14="HT",$W$14,IF($X$14="HT",$Z$14,IF($AA$14="HT",$AC$14,IF($AD$14="HT",$AF$14,IF($AG$14="HT",$AI$14,IF($AJ$14="HT",$AL$14,IF($AM$14="HT",$AO$14,IF($AP$14="HT",$AR$14,"")))))))))) | BC22: =IF($O$14="PURE",$Q$14,IF($R$14="PURE",$T$14,IF($U$14="PURE",$W$14,IF($X$14="PURE",$Z$14,IF($AA$14="PURE",$AC$14,IF($AD$14="PURE",$AF$14,IF($AG$14="PURE",$AI$14,IF($AJ$14="PURE",$AL$14,IF($AM$14="PURE",$AO$14,IF($AP$14="PURE",$AR$14,"")))))))))) | BD22: =IF($P$22="FUM",$Q$22,IF($S$22="FUM",$T$22,IF($V$22="FUM",$W$22,IF($Y$22="FUM",$Z$22,IF($AB$22="FUM",$AC$22,IF($AE$22="FUM",$AF$22,IF($AH$22="FUM",$AI$22,IF($AK$22="FUM",$AL$22,IF($AN$22="FUM",$AO$22,IF($AQ$22="FUM",$AR$22,""))))))))))
H23: =J11 -> 0 | I23: =K11 -> 0 | J23: =L11 -> 0 | K23: =M11 -> 0 | L23: =N11 -> 0 | O23: =J11 -> 0 | P23: =N11 -> 0 | Q23: =O11 -> 0 | R23: =P11 -> 0 | S23: =T11 -> 0 | T23: =U11 -> 0 | U23: =V11 -> 0 | V23: =Z11 -> 0 | W23: =AA11 -> 0 | X23: =AB11 -> 0 | Y23: =AF11 -> 0 | Z23: =AG11 -> 0 | AA23: =AH11 -> 0 | AB23: =AL11 -> 0 | AC23: =AM11 -> 0 | AD23: =AN11 -> 0 | AE23: =AR11 -> 0 | AF23: =AS11 -> 0 | AG23: =AT11 -> 0 | AH23: =AX11 -> 0 | AI23: =AY11 -> 0 | AJ23: =AZ11 -> 0 | AK23: =BD11 -> 0 | AL23: =BE11 -> 0 | AM23: =BF11 -> 0 | AN23: =BJ11 -> 0 | AO23: =BK11 -> 0 | AP23: =BL11 -> 0 | AQ23: =BP11 -> 0 | AR23: =BQ11 -> 0 | AT23: 10 | AU23: =IF($P$23="3L",$Q$23,IF($S$23="3L",$T$23,IF($V$23="3L",$W$23,IF($Y$23="3L",$Z$23,IF($AB$23="3L",$AC$23,IF($AE$23="3L",$AF$23,IF($AH$23="3L",$AI$23,IF($AK$23="3L",$AL$23,IF($AN$23="3L",$AO$23,IF($AQ$23="3L",$AR$23,"")))))))))) | AV23: =IF($P$23="4L",$Q$23,IF($S$23="4L",$T$23,IF($V$23="4L",$W$23,IF($Y$23="4L",$Z$23,IF($AB$23="4L",$AC$23,IF($AE$23="4L",$AF$23,IF($AH$23="4L",$AI$23,IF($AK$23="4L",$AL$23,IF($AN$23="4L",$AO$23,IF($AQ$23="4L",$AR$23,"")))))))))) | AW23: =IF($P$23="5L",$Q$23,IF($S$23="5L",$T$23,IF($V$23="5L",$W$23,IF($Y$23="5L",$Z$23,IF($AB$23="5L",$AC$23,IF($AE$23="5L",$AF$23,IF($AH$23="5L",$AI$23,IF($AK$23="5L",$AL$23,IF($AN$23="5L",$AO$23,IF($AQ$23="5L",$AR$23,"")))))))))) | AX23: =IF($P$23="6L",$Q$23,IF($S$23="6L",$T$23,IF($V$23="6L",$W$23,IF($Y$23="6L",$Z$23,IF($AB$23="6L",$AC$23,IF($AE$23="6L",$AF$23,IF($AH$23="6L",$AI$23,IF($AK$23="6L",$AL$23,IF($AN$23="6L",$AO$23,IF($AQ$23="6L",$AR$23,"")))))))))) | AY23: =IF($P$23="7L",$Q$23,IF($S$23="7L",$T$23,IF($V$23="7L",$W$23,IF($Y$23="7L",$Z$23,IF($AB$23="7L",$AC$23,IF($AE$23="7L",$AF$23,IF($AH$23="7L",$AI$23,IF($AK$23="7L",$AL$23,IF($AN$23="7L",$AO$23,IF($AQ$23="7L",$AR$23,"")))))))))) | AZ23: =IF($O$14="LOFT",$Q$14,IF($R$14="LOFT",$T$14,IF($U$14="LOFT",$W$14,IF($X$14="LOFT",$Z$14,IF($AA$14="LOFT",$AC$14,IF($AD$14="LOFT",$AF$14,IF($AG$14="LOFT",$AI$14,IF($AJ$14="LOFT",$AL$14,IF($AM$14="LOFT",$AO$14,IF($AP$14="LOFT",$AR$14,"")))))))))) | BA23: =IF($O$14="UT",$Q$14,IF($R$14="UT",$T$14,IF($U$14="UT",$W$14,IF($X$14="UT",$Z$14,IF($AA$14="UT",$AC$14,IF($AD$14="UT",$AF$14,IF($AG$14="UT",$AI$14,IF($AJ$14="UT",$AL$14,IF($AM$14="UT",$AO$14,IF($AP$14="UT",$AR$14,"")))))))))) | BB23: =IF($O$14="HT",$Q$14,IF($R$14="HT",$T$14,IF($U$14="HT",$W$14,IF($X$14="HT",$Z$14,IF($AA$14="HT",$AC$14,IF($AD$14="HT",$AF$14,IF($AG$14="HT",$AI$14,IF($AJ$14="HT",$AL$14,IF($AM$14="HT",$AO$14,IF($AP$14="HT",$AR$14,"")))))))))) | BC23: =IF($O$14="PURE",$Q$14,IF($R$14="PURE",$T$14,IF($U$14="PURE",$W$14,IF($X$14="PURE",$Z$14,IF($AA$14="PURE",$AC$14,IF($AD$14="PURE",$AF$14,IF($AG$14="PURE",$AI$14,IF($AJ$14="PURE",$AL$14,IF($AM$14="PURE",$AO$14,IF($AP$14="PURE",$AR$14,"")))))))))) | BD23: =IF($P$23="FUM",$Q$23,IF($S$23="FUM",$T$23,IF($V$23="FUM",$W$23,IF($Y$23="FUM",$Z$23,IF($AB$23="FUM",$AC$23,IF($AE$23="FUM",$AF$23,IF($AH$23="FUM",$AI$23,IF($AK$23="FUM",$AL$23,IF($AN$23="FUM",$AO$23,IF($AQ$23="FUM",$AR$23,""))))))))))
H24: =P2 -> AG | I24: =Q2 -> 1000 | J24: =R2 -> 10 | K24: =S2 -> Y | L24: =T2 -> 3L
H25: =P3 -> 0 | I25: =Q3 -> 0 | J25: =R3 -> 0 | K25: =S3 -> 0 | L25: =T3 -> 0
H26: =P4 -> 0 | I26: =Q4 -> 0 | J26: =R4 -> 0 | K26: =S4 -> 0 | L26: =T4 -> 0
H27: =P5 -> 0 | I27: =Q5 -> 0 | J27: =R5 -> 0 | K27: =S5 -> 0 | L27: =T5 -> 0
H28: =P6 -> 0 | I28: =Q6 -> 0 | J28: =R6 -> 0 | K28: =S6 -> 0 | L28: =T6 -> 0
H29: =P7 -> 0 | I29: =Q7 -> 0 | J29: =R7 -> 0 | K29: =S7 -> 0 | L29: =T7 -> 0
H30: =P8 -> 0 | I30: =Q8 -> 0 | J30: =R8 -> 0 | K30: =S8 -> 0 | L30: =T8 -> 0
H31: =P9 -> 0 | I31: =Q9 -> 0 | J31: =R9 -> 0 | K31: =S9 -> 0 | L31: =T9 -> 0
H32: =P10 -> 0 | I32: =Q10 -> 0 | J32: =R10 -> 0 | K32: =S10 -> 0 | L32: =T10 -> 0
H33: =P11 -> 0 | I33: =Q11 -> 0 | J33: =R11 -> 0 | K33: =S11 -> 0 | L33: =T11 -> 0
H34: =V2 -> AG | I34: =W2 -> 750 | J34: =X2 -> 10 | K34: =Y2 -> Y | L34: =Z2 -> 3L
H35: =V3 -> 0 | I35: =W3 -> 0 | J35: =X3 -> 0 | K35: =Y3 -> 0 | L35: =Z3 -> 0
H36: =V4 -> 0 | I36: =W4 -> 0 | J36: =X4 -> 0 | K36: =Y4 -> 0 | L36: =Z4 -> 0
H37: =V5 -> 0 | I37: =W5 -> 0 | J37: =X5 -> 0 | K37: =Y5 -> 0 | L37: =Z5 -> 0
H38: =V6 -> 0 | I38: =W6 -> 0 | J38: =X6 -> 0 | K38: =Y6 -> 0 | L38: =Z6 -> 0
H39: =V7 -> 0 | I39: =W7 -> 0 | J39: =X7 -> 0 | K39: =Y7 -> 0 | L39: =Z7 -> 0
H40: =V8 -> 0 | I40: =W8 -> 0 | J40: =X8 -> 0 | K40: =Y8 -> 0 | L40: =Z8 -> 0
H41: =V9 -> 0 | I41: =W9 -> 0 | J41: =X9 -> 0 | K41: =Y9 -> 0 | L41: =Z9 -> 0
H42: =V10 -> 0 | I42: =W10 -> 0 | J42: =X10 -> 0 | K42: =Y10 -> 0 | L42: =Z10 -> 0
H43: =V11 -> 0 | I43: =W11 -> 0 | J43: =X11 -> 0 | K43: =Y11 -> 0 | L43: =Z11 -> 0
H44: =AB2 -> AG | I44: =AC2 -> 500 | J44: =AD2 -> 20 | K44: =AE2 -> Y | L44: =AF2 -> 3L
H45: =AB3 -> 0 | I45: =AC3 -> 0 | J45: =AD3 -> 0 | K45: =AE3 -> 0 | L45: =AF3 -> 0
H46: =AB4 -> 0 | I46: =AC4 -> 0 | J46: =AD4 -> 0 | K46: =AE4 -> 0 | L46: =AF4 -> 0
H47: =AB5 -> 0 | I47: =AC5 -> 0 | J47: =AD5 -> 0 | K47: =AE5 -> 0 | L47: =AF5 -> 0
H48: =AB6 -> 0 | I48: =AC6 -> 0 | J48: =AD6 -> 0 | K48: =AE6 -> 0 | L48: =AF6 -> 0
H49: =AB7 -> 0 | I49: =AC7 -> 0 | J49: =AD7 -> 0 | K49: =AE7 -> 0 | L49: =AF7 -> 0
H50: =AB8 -> 0 | I50: =AC8 -> 0 | J50: =AD8 -> 0 | K50: =AE8 -> 0 | L50: =AF8 -> 0
H51: =AB9 -> 0 | I51: =AC9 -> 0 | J51: =AD9 -> 0 | K51: =AE9 -> 0 | L51: =AF9 -> 0
H52: =AB10 -> 0 | I52: =AC10 -> 0 | J52: =AD10 -> 0 | K52: =AE10 -> 0 | L52: =AF10 -> 0
H53: =AB11 -> 0 | I53: =AC11 -> 0 | J53: =AD11 -> 0 | K53: =AE11 -> 0 | L53: =AF11 -> 0
H54: =AH2 -> 0 | I54: =AI2 -> 0 | J54: =AJ2 -> 0 | K54: =AK2 -> 0 | L54: =AL2 -> 0
H55: =AH3 -> 0 | I55: =AI3 -> 0 | J55: =AJ3 -> 0 | K55: =AK3 -> 0 | L55: =AL3 -> 0
H56: =AH4 -> 0 | I56: =AI4 -> 0 | J56: =AJ4 -> 0 | K56: =AK4 -> 0 | L56: =AL4 -> 0
H57: =AH5 -> 0 | I57: =AI5 -> 0 | J57: =AJ5 -> 0 | K57: =AK5 -> 0 | L57: =AL5 -> 0
H58: =AH6 -> 0 | I58: =AI6 -> 0 | J58: =AJ6 -> 0 | K58: =AK6 -> 0 | L58: =AL6 -> 0
H59: =AH7 -> 0 | I59: =AI7 -> 0 | J59: =AJ7 -> 0 | K59: =AK7 -> 0 | L59: =AL7 -> 0
H60: =AH8 -> 0 | I60: =AI8 -> 0 | J60: =AJ8 -> 0 | K60: =AK8 -> 0 | L60: =AL8 -> 0
H61: =AH9 -> 0 | I61: =AI9 -> 0 | J61: =AJ9 -> 0 | K61: =AK9 -> 0 | L61: =AL9 -> 0
H62: =AH10 -> 0 | I62: =AI10 -> 0 | J62: =AJ10 -> 0 | K62: =AK10 -> 0 | L62: =AL10 -> 0
H63: =AH11 -> 0 | I63: =AI11 -> 0 | J63: =AJ11 -> 0 | K63: =AK11 -> 0 | L63: =AL11 -> 0
H64: =AN2 -> 0 | I64: =AO2 -> 0 | J64: =AP2 -> 0 | K64: =AQ2 -> 0 | L64: =AR2 -> 0
H65: =AN3 -> 0 | I65: =AO3 -> 0 | J65: =AP3 -> 0 | K65: =AQ3 -> 0 | L65: =AR3 -> 0
H66: =AN4 -> 0 | I66: =AO4 -> 0 | J66: =AP4 -> 0 | K66: =AQ4 -> 0 | L66: =AR4 -> 0
H67: =AN5 -> 0 | I67: =AO5 -> 0 | J67: =AP5 -> 0 | K67: =AQ5 -> 0 | L67: =AR5 -> 0
H68: =AN6 -> 0 | I68: =AO6 -> 0 | J68: =AP6 -> 0 | K68: =AQ6 -> 0 | L68: =AR6 -> 0
H69: =AN7 -> 0 | I69: =AO7 -> 0 | J69: =AP7 -> 0 | K69: =AQ7 -> 0 | L69: =AR7 -> 0
H70: =AN8 -> 0 | I70: =AO8 -> 0 | J70: =AP8 -> 0 | K70: =AQ8 -> 0 | L70: =AR8 -> 0
H71: =AN9 -> 0 | I71: =AO9 -> 0 | J71: =AP9 -> 0 | K71: =AQ9 -> 0 | L71: =AR9 -> 0
H72: =AN10 -> 0 | I72: =AO10 -> 0 | J72: =AP10 -> 0 | K72: =AQ10 -> 0 | L72: =AR10 -> 0
H73: =AN11 -> 0 | I73: =AO11 -> 0 | J73: =AP11 -> 0 | K73: =AQ11 -> 0 | L73: =AR11 -> 0
H74: =AT2 -> 0 | I74: =AU2 -> 0 | J74: =AV2 -> 0 | K74: =AW2 -> 0 | L74: =AX2 -> 0
H75: =AT3 -> 0 | I75: =AU3 -> 0 | J75: =AV3 -> 0 | K75: =AW3 -> 0 | L75: =AX3 -> 0
H76: =AT4 -> 0 | I76: =AU4 -> 0 | J76: =AV4 -> 0 | K76: =AW4 -> 0 | L76: =AX4 -> 0
H77: =AT5 -> 0 | I77: =AU5 -> 0 | J77: =AV5 -> 0 | K77: =AW5 -> 0 | L77: =AX5 -> 0
H78: =AT6 -> 0 | I78: =AU6 -> 0 | J78: =AV6 -> 0 | K78: =AW6 -> 0 | L78: =AX6 -> 0
H79: =AT7 -> 0 | I79: =AU7 -> 0 | J79: =AV7 -> 0 | K79: =AW7 -> 0 | L79: =AX7 -> 0
H80: =AT8 -> 0 | I80: =AU8 -> 0 | J80: =AV8 -> 0 | K80: =AW8 -> 0 | L80: =AX8 -> 0
H81: =AT9 -> 0 | I81: =AU9 -> 0 | J81: =AV9 -> 0 | K81: =AW9 -> 0 | L81: =AX9 -> 0
H82: =AT10 -> 0 | I82: =AU10 -> 0 | J82: =AV10 -> 0 | K82: =AW10 -> 0 | L82: =AX10 -> 0
H83: =AT11 -> 0 | I83: =AU11 -> 0 | J83: =AV11 -> 0 | K83: =AW11 -> 0 | L83: =AX11 -> 0
H84: =AZ2 -> 0 | I84: =BA2 -> 0 | J84: =BB2 -> 0 | K84: =BC2 -> 0 | L84: =BD2 -> 0
H85: =AZ3 -> 0 | I85: =BA3 -> 0 | J85: =BB3 -> 0 | K85: =BC3 -> 0 | L85: =BD3 -> 0
H86: =AZ4 -> 0 | I86: =BA4 -> 0 | J86: =BB4 -> 0 | K86: =BC4 -> 0 | L86: =BD4 -> 0
H87: =AZ5 -> 0 | I87: =BA5 -> 0 | J87: =BB5 -> 0 | K87: =BC5 -> 0 | L87: =BD5 -> 0
H88: =AZ6 -> 0 | I88: =BA6 -> 0 | J88: =BB6 -> 0 | K88: =BC6 -> 0 | L88: =BD6 -> 0
H89: =AZ7 -> 0 | I89: =BA7 -> 0 | J89: =BB7 -> 0 | K89: =BC7 -> 0 | L89: =BD7 -> 0
H90: =AZ8 -> 0 | I90: =BA8 -> 0 | J90: =BB8 -> 0 | K90: =BC8 -> 0 | L90: =BD8 -> 0
H91: =AZ9 -> 0 | I91: =BA9 -> 0 | J91: =BB9 -> 0 | K91: =BC9 -> 0 | L91: =BD9 -> 0
H92: =AZ10 -> 0 | I92: =BA10 -> 0 | J92: =BB10 -> 0 | K92: =BC10 -> 0 | L92: =BD10 -> 0
H93: =AZ11 -> 0 | I93: =BA11 -> 0 | J93: =BB11 -> 0 | K93: =BC11 -> 0 | L93: =BD11 -> 0
H94: =BF2 -> 0 | I94: =BG2 -> 0 | J94: =BH2 -> 0 | K94: =BI2 -> 0 | L94: =BJ2 -> 0
H95: =BF3 -> 0 | I95: =BG3 -> 0 | J95: =BH3 -> 0 | K95: =BI3 -> 0 | L95: =BJ3 -> 0
H96: =BF4 -> 0 | I96: =BG4 -> 0 | J96: =BH4 -> 0 | K96: =BI4 -> 0 | L96: =BJ4 -> 0
H97: =BF5 -> 0 | I97: =BG5 -> 0 | J97: =BH5 -> 0 | K97: =BI5 -> 0 | L97: =BJ5 -> 0
H98: =BF6 -> 0 | I98: =BG6 -> 0 | J98: =BH6 -> 0 | K98: =BI6 -> 0 | L98: =BJ6 -> 0
H99: =BF7 -> 0 | I99: =BG7 -> 0 | J99: =BH7 -> 0 | K99: =BI7 -> 0 | L99: =BJ7 -> 0
H100: =BF8 -> 0 | I100: =BG8 -> 0 | J100: =BH8 -> 0 | K100: =BI8 -> 0 | L100: =BJ8 -> 0
H101: =BF9 -> 0 | I101: =BG9 -> 0 | J101: =BH9 -> 0 | K101: =BI9 -> 0 | L101: =BJ9 -> 0
H102: =BF10 -> 0 | I102: =BG10 -> 0 | J102: =BH10 -> 0 | K102: =BI10 -> 0 | L102: =BJ10 -> 0
H103: =BF11 -> 0 | I103: =BG11 -> 0 | J103: =BH11 -> 0 | K103: =BI11 -> 0 | L103: =BJ11 -> 0
H104: =BL2 -> 0 | I104: =BM2 -> 0 | J104: =BN2 -> 0 | K104: =BO2 -> 0 | L104: =BP2 -> 0
H105: =BL3 -> 0 | I105: =BM3 -> 0 | J105: =BN3 -> 0 | K105: =BO3 -> 0 | L105: =BP3 -> 0
H106: =BL4 -> 0 | I106: =BM4 -> 0 | J106: =BN4 -> 0 | K106: =BO4 -> 0 | L106: =BP4 -> 0
H107: =BL5 -> 0 | I107: =BM5 -> 0 | J107: =BN5 -> 0 | K107: =BO5 -> 0 | L107: =BP5 -> 0
H108: =BL6 -> 0 | I108: =BM6 -> 0 | J108: =BN6 -> 0 | K108: =BO6 -> 0 | L108: =BP6 -> 0
H109: =BL7 -> 0 | I109: =BM7 -> 0 | J109: =BN7 -> 0 | K109: =BO7 -> 0 | L109: =BP7 -> 0
H110: =BL8 -> 0 | I110: =BM8 -> 0 | J110: =BN8 -> 0 | K110: =BO8 -> 0 | L110: =BP8 -> 0
H111: =BL9 -> 0 | I111: =BM9 -> 0 | J111: =BN9 -> 0 | K111: =BO9 -> 0 | L111: =BP9 -> 0
...

Sheet A.LAYLAND
A1: Order ID | B1: Date | C1: Sales | D1: New Party | E1: Route | F1: Party Code | G1: Party Name | H1: Area | I1: Remarks | J1: Tank | K1: Size | L1: Qty | M1: Col | N1: Lay | O1: Rate | P1: Tank | Q1: Size | R1: Qty | S1: Col | T1: Lay | U1: Rate | V1: Tank | W1: Size | X1: Qty | Y1: Col | Z1: Lay | AA1: Rate | AB1: Tank | AC1: Size | AD1: Qty | AE1: Col | AF1: Lay | AG1: Rate | AH1: Tank | AI1: Size | AJ1: Qty | AK1: Col | AL1: Lay | AM1: Rate | AN1: Tank | AO1: Size | AP1: Qty | AQ1: Col | AR1: Lay | AS1: Rate | AT1: Tank | AU1: Size | AV1: Qty | AW1: Col | AX1: Lay | AY1: Rate | AZ1: Tank | BA1: Size | BB1: Qty | BC1: Col | BD1: Lay | BE1: Rate | BF1: Tank | BG1: Size | BH1: Qty | BI1: Col | BJ1: Lay | BK1: Rate | BL1: Tank | BM1: Size | BN1: Qty | BO1: Col | BP1: Lay | BQ1: Rate | BR1: Terms | BS1: Site Delivery | BT1: Ltrs
A2: 21420 | B2: 46031 | C2: A/C | D2: No | E2: AP | F2: AP08 | G2: PAWAN PUTRA AGENCY | H2: TIRUPATHI | J2: AG | K2: 1500 | L2: 8 | M2: Y | N2: 3L | O2: 3.5 | P2: AG | Q2: 1000 | R2: 10 | S2: Y | T2: 3L | U2: 3.5 | V2: AG | W2: 750 | X2: 10 | Y2: Y | Z2: 3L | AA2: 3.5 | AB2: AG | AC2: 500 | AD2: 20 | AE2: Y | AF2: 3L | AG2: 3.5 | BR2: COD | BS2: 3L-0.50 | BT2: =K2*L2+Q2*R2+W2*X2+AC2*AD2+AI2*AJ2+AO2*AP2+AU2*AV2+BA2*BB2+BG2*BH2+BM2*BN2 -> 39500
H14: =J2 -> AG | I14: =K2 -> 1500 | J14: =L2 -> 8 | K14: =M2 -> Y | L14: =N2 -> 3L | O14: =J2 -> AG | P14: =N2 -> 3L | Q14: =O2 -> 3.5 | R14: =P2 -> AG | S14: =T2 -> 3L | T14: =U2 -> 3.5 | U14: =V2 -> AG | V14: =Z2 -> 3L | W14: =AA2 -> 3.5 | X14: =AB2 -> AG | Y14: =AF2 -> 3L | Z14: =AG2 -> 3.5 | AA14: =AH2 -> 0 | AB14: =AL2 -> 0 | AC14: =AM2 -> 0 | AD14: =AN2 -> 0 | AE14: =AR2 -> 0 | AF14: =AS2 -> 0 | AG14: =AT2 -> 0 | AH14: =AX2 -> 0 | AI14: =AY2 -> 0 | AJ14: =AZ2 -> 0 | AK14: =BD2 -> 0 | AL14: =BE2 -> 0 | AM14: =BF2 -> 0 | AN14: =BJ2 -> 0 | AO14: =BK2 -> 0 | AP14: =BL2 -> 0 | AQ14: =BP2 -> 0 | AR14: =BQ2 -> 0 | AT14: 1 | AU14: =IF($P$14="3L",$Q$14,IF($S$14="3L",$T$14,IF($V$14="3L",$W$14,IF($Y$14="3L",$Z$14,IF($AB$14="3L",$AC$14,IF($AE$14="3L",$AF$14,IF($AH$14="3L",$AI$14,IF($AK$14="3L",$AL$14,IF($AN$14="3L",$AO$14,IF($AQ$14="3L",$AR$14,"")))))))))) -> 3.5 | AV14: =IF($P$14="4L",$Q$14,IF($S$14="4L",$T$14,IF($V$14="4L",$W$14,IF($Y$14="4L",$Z$14,IF($AB$14="4L",$AC$14,IF($AE$14="4L",$AF$14,IF($AH$14="4L",$AI$14,IF($AK$14="4L",$AL$14,IF($AN$14="4L",$AO$14,IF($AQ$14="4L",$AR$14,"")))))))))) | AW14: =IF($P$14="5L",$Q$14,IF($S$14="5L",$T$14,IF($V$14="5L",$W$14,IF($Y$14="5L",$Z$14,IF($AB$14="5L",$AC$14,IF($AE$14="5L",$AF$14,IF($AH$14="5L",$AI$14,IF($AK$14="5L",$AL$14,IF($AN$14="5L",$AO$14,IF($AQ$14="5L",$AR$14,"")))))))))) | AX14: =IF($P$14="6L",$Q$14,IF($S$14="6L",$T$14,IF($V$14="6L",$W$14,IF($Y$14="6L",$Z$14,IF($AB$14="6L",$AC$14,IF($AE$14="6L",$AF$14,IF($AH$14="6L",$AI$14,IF($AK$14="6L",$AL$14,IF($AN$14="6L",$AO$14,IF($AQ$14="6L",$AR$14,"")))))))))) | AY14: =IF($P$14="7L",$Q$14,IF($S$14="7L",$T$14,IF($V$14="7L",$W$14,IF($Y$14="7L",$Z$14,IF($AB$14="7L",$AC$14,IF($AE$14="7L",$AF$14,IF($AH$14="7L",$AI$14,IF($AK$14="7L",$AL$14,IF($AN$14="7L",$AO$14,IF($AQ$14="7L",$AR$14,"")))))))))) | AZ14: =IF($O$14="LOFT",$Q$14,IF($R$14="LOFT",$T$14,IF($U$14="LOFT",$W$14,IF($X$14="LOFT",$Z$14,IF($AA$14="LOFT",$AC$14,IF($AD$14="LOFT",$AF$14,IF($AG$14="LOFT",$AI$14,IF($AJ$14="LOFT",$AL$14,IF($AM$14="LOFT",$AO$14,IF($AP$14="LOFT",$AR$14,"")))))))))) | BA14: =IF($O$14="UT",$Q$14,IF($R$14="UT",$T$14,IF($U$14="UT",$W$14,IF($X$14="UT",$Z$14,IF($AA$14="UT",$AC$14,IF($AD$14="UT",$AF$14,IF($AG$14="UT",$AI$14,IF($AJ$14="UT",$AL$14,IF($AM$14="UT",$AO$14,IF($AP$14="UT",$AR$14,"")))))))))) | BB14: =IF($O$14="HT",$Q$14,IF($R$14="HT",$T$14,IF($U$14="HT",$W$14,IF($X$14="HT",$Z$14,IF($AA$14="HT",$AC$14,IF($AD$14="HT",$AF$14,IF($AG$14="HT",$AI$14,IF($AJ$14="HT",$AL$14,IF($AM$14="HT",$AO$14,IF($AP$14="HT",$AR$14,"")))))))))) | BC14: =IF($O$14="PURE",$Q$14,IF($R$14="PURE",$T$14,IF($U$14="PURE",$W$14,IF($X$14="PURE",$Z$14,IF($AA$14="PURE",$AC$14,IF($AD$14="PURE",$AF$14,IF($AG$14="PURE",$AI$14,IF($AJ$14="PURE",$AL$14,IF($AM$14="PURE",$AO$14,IF($AP$14="PURE",$AR$14,"")))))))))) | BD14: =IF($P$14="FUM",$Q$14,IF($S$14="FUM",$T$14,IF($V$14="FUM",$W$14,IF($Y$14="FUM",$Z$14,IF($AB$14="FUM",$AC$14,IF($AE$14="FUM",$AF$14,IF($AH$14="FUM",$AI$14,IF($AK$14="FUM",$AL$14,IF($AN$14="FUM",$AO$14,IF($AQ$14="FUM",$AR$14,""))))))))))
H15: =J3 -> 0 | I15: =K3 -> 0 | J15: =L3 -> 0 | K15: =M3 -> 0 | L15: =N3 -> 0 | O15: =J3 -> 0 | P15: =N3 -> 0 | Q15: =O3 -> 0 | R15: =P3 -> 0 | S15: =T3 -> 0 | T15: =U3 -> 0 | U15: =V3 -> 0 | V15: =Z3 -> 0 | W15: =AA3 -> 0 | X15: =AB3 -> 0 | Y15: =AF3 -> 0 | Z15: =AG3 -> 0 | AA15: =AH3 -> 0 | AB15: =AL3 -> 0 | AC15: =AM3 -> 0 | AD15: =AN3 -> 0 | AE15: =AR3 -> 0 | AF15: =AS3 -> 0 | AG15: =AT3 -> 0 | AH15: =AX3 -> 0 | AI15: =AY3 -> 0 | AJ15: =AZ3 -> 0 | AK15: =BD3 -> 0 | AL15: =BE3 -> 0 | AM15: =BF3 -> 0 | AN15: =BJ3 -> 0 | AO15: =BK3 -> 0 | AP15: =BL3 -> 0 | AQ15: =BP3 -> 0 | AR15: =BQ3 -> 0 | AT15: 2 | AU15: =IF($P$15="3L",$Q$15,IF($S$15="3L",$T$15,IF($V$15="3L",$W$15,IF($Y$15="3L",$Z$15,IF($AB$15="3L",$AC$15,IF($AE$15="3L",$AF$15,IF($AH$15="3L",$AI$15,IF($AK$15="3L",$AL$15,IF($AN$15="3L",$AO$15,IF($AQ$15="3L",$AR$15,"")))))))))) | AV15: =IF($P$15="4L",$Q$15,IF($S$15="4L",$T$15,IF($V$15="4L",$W$15,IF($Y$15="4L",$Z$15,IF($AB$15="4L",$AC$15,IF($AE$15="4L",$AF$15,IF($AH$15="4L",$AI$15,IF($AK$15="4L",$AL$15,IF($AN$15="4L",$AO$15,IF($AQ$15="4L",$AR$15,"")))))))))) | AW15: =IF($P$15="5L",$Q$15,IF($S$15="5L",$T$15,IF($V$15="5L",$W$15,IF($Y$15="5L",$Z$15,IF($AB$15="5L",$AC$15,IF($AE$15="5L",$AF$15,IF($AH$15="5L",$AI$15,IF($AK$15="5L",$AL$15,IF($AN$15="5L",$AO$15,IF($AQ$15="5L",$AR$15,"")))))))))) | AX15: =IF($P$15="6L",$Q$15,IF($S$15="6L",$T$15,IF($V$15="6L",$W$15,IF($Y$15="6L",$Z$15,IF($AB$15="6L",$AC$15,IF($AE$15="6L",$AF$15,IF($AH$15="6L",$AI$15,IF($AK$15="6L",$AL$15,IF($AN$15="6L",$AO$15,IF($AQ$15="6L",$AR$15,"")))))))))) | AY15: =IF($P$15="7L",$Q$15,IF($S$15="7L",$T$15,IF($V$15="7L",$W$15,IF($Y$15="7L",$Z$15,IF($AB$15="7L",$AC$15,IF($AE$15="7L",$AF$15,IF($AH$15="7L",$AI$15,IF($AK$15="7L",$AL$15,IF($AN$15="7L",$AO$15,IF($AQ$15="7L",$AR$15,"")))))))))) | AZ15: =IF($O$14="LOFT",$Q$14,IF($R$14="LOFT",$T$14,IF($U$14="LOFT",$W$14,IF($X$14="LOFT",$Z$14,IF($AA$14="LOFT",$AC$14,IF($AD$14="LOFT",$AF$14,IF($AG$14="LOFT",$AI$14,IF($AJ$14="LOFT",$AL$14,IF($AM$14="LOFT",$AO$14,IF($AP$14="LOFT",$AR$14,"")))))))))) | BA15: =IF($O$14="UT",$Q$14,IF($R$14="UT",$T$14,IF($U$14="UT",$W$14,IF($X$14="UT",$Z$14,IF($AA$14="UT",$AC$14,IF($AD$14="UT",$AF$14,IF($AG$14="UT",$AI$14,IF($AJ$14="UT",$AL$14,IF($AM$14="UT",$AO$14,IF($AP$14="UT",$AR$14,"")))))))))) | BB15: =IF($O$14="HT",$Q$14,IF($R$14="HT",$T$14,IF($U$14="HT",$W$14,IF($X$14="HT",$Z$14,IF($AA$14="HT",$AC$14,IF($AD$14="HT",$AF$14,IF($AG$14="HT",$AI$14,IF($AJ$14="HT",$AL$14,IF($AM$14="HT",$AO$14,IF($AP$14="HT",$AR$14,"")))))))))) | BC15: =IF($O$14="PURE",$Q$14,IF($R$14="PURE",$T$14,IF($U$14="PURE",$W$14,IF($X$14="PURE",$Z$14,IF($AA$14="PURE",$AC$14,IF($AD$14="PURE",$AF$14,IF($AG$14="PURE",$AI$14,IF($AJ$14="PURE",$AL$14,IF($AM$14="PURE",$AO$14,IF($AP$14="PURE",$AR$14,"")))))))))) | BD15: =IF($P$15="FUM",$Q$15,IF($S$15="FUM",$T$15,IF($V$15="FUM",$W$15,IF($Y$15="FUM",$Z$15,IF($AB$15="FUM",$AC$15,IF($AE$15="FUM",$AF$15,IF($AH$15="FUM",$AI$15,IF($AK$15="FUM",$AL$15,IF($AN$15="FUM",$AO$15,IF($AQ$15="FUM",$AR$15,""))))))))))
H16: =J4 -> 0 | I16: =K4 -> 0 | J16: =L4 -> 0 | K16: =M4 -> 0 | L16: =N4 -> 0 | O16: =J4 -> 0 | P16: =N4 -> 0 | Q16: =O4 -> 0 | R16: =P4 -> 0 | S16: =T4 -> 0 | T16: =U4 -> 0 | U16: =V4 -> 0 | V16: =Z4 -> 0 | W16: =AA4 -> 0 | X16: =AB4 -> 0 | Y16: =AF4 -> 0 | Z16: =AG4 -> 0 | AA16: =AH4 -> 0 | AB16: =AL4 -> 0 | AC16: =AM4 -> 0 | AD16: =AN4 -> 0 | AE16: =AR4 -> 0 | AF16: =AS4 -> 0 | AG16: =AT4 -> 0 | AH16: =AX4 -> 0 | AI16: =AY4 -> 0 | AJ16: =AZ4 -> 0 | AK16: =BD4 -> 0 | AL16: =BE4 -> 0 | AM16: =BF4 -> 0 | AN16: =BJ4 -> 0 | AO16: =BK4 -> 0 | AP16: =BL4 -> 0 | AQ16: =BP4 -> 0 | AR16: =BQ4 -> 0 | AT16: 3 | AU16: =IF($P$16="3L",$Q$16,IF($S$16="3L",$T$16,IF($V$16="3L",$W$16,IF($Y$16="3L",$Z$16,IF($AB$16="3L",$AC$16,IF($AE$16="3L",$AF$16,IF($AH$16="3L",$AI$16,IF($AK$16="3L",$AL$16,IF($AN$16="3L",$AO$16,IF($AQ$16="3L",$AR$16,"")))))))))) | AV16: =IF($P$16="4L",$Q$16,IF($S$16="4L",$T$16,IF($V$16="4L",$W$16,IF($Y$16="4L",$Z$16,IF($AB$16="4L",$AC$16,IF($AE$16="4L",$AF$16,IF($AH$16="4L",$AI$16,IF($AK$16="4L",$AL$16,IF($AN$16="4L",$AO$16,IF($AQ$16="4L",$AR$16,"")))))))))) | AW16: =IF($P$16="5L",$Q$16,IF($S$16="5L",$T$16,IF($V$16="5L",$W$16,IF($Y$16="5L",$Z$16,IF($AB$16="5L",$AC$16,IF($AE$16="5L",$AF$16,IF($AH$16="5L",$AI$16,IF($AK$16="5L",$AL$16,IF($AN$16="5L",$AO$16,IF($AQ$16="5L",$AR$16,"")))))))))) | AX16: =IF($P$16="6L",$Q$16,IF($S$16="6L",$T$16,IF($V$16="6L",$W$16,IF($Y$16="6L",$Z$16,IF($AB$16="6L",$AC$16,IF($AE$16="6L",$AF$16,IF($AH$16="6L",$AI$16,IF($AK$16="6L",$AL$16,IF($AN$16="6L",$AO$16,IF($AQ$16="6L",$AR$16,"")))))))))) | AY16: =IF($P$16="7L",$Q$16,IF($S$16="7L",$T$16,IF($V$16="7L",$W$16,IF($Y$16="7L",$Z$16,IF($AB$16="7L",$AC$16,IF($AE$16="7L",$AF$16,IF($AH$16="7L",$AI$16,IF($AK$16="7L",$AL$16,IF($AN$16="7L",$AO$16,IF($AQ$16="7L",$AR$16,"")))))))))) | AZ16: =IF($O$14="LOFT",$Q$14,IF($R$14="LOFT",$T$14,IF($U$14="LOFT",$W$14,IF($X$14="LOFT",$Z$14,IF($AA$14="LOFT",$AC$14,IF($AD$14="LOFT",$AF$14,IF($AG$14="LOFT",$AI$14,IF($AJ$14="LOFT",$AL$14,IF($AM$14="LOFT",$AO$14,IF($AP$14="LOFT",$AR$14,"")))))))))) | BA16: =IF($O$14="UT",$Q$14,IF($R$14="UT",$T$14,IF($U$14="UT",$W$14,IF($X$14="UT",$Z$14,IF($AA$14="UT",$AC$14,IF($AD$14="UT",$AF$14,IF($AG$14="UT",$AI$14,IF($AJ$14="UT",$AL$14,IF($AM$14="UT",$AO$14,IF($AP$14="UT",$AR$14,"")))))))))) | BB16: =IF($O$14="HT",$Q$14,IF($R$14="HT",$T$14,IF($U$14="HT",$W$14,IF($X$14="HT",$Z$14,IF($AA$14="HT",$AC$14,IF($AD$14="HT",$AF$14,IF($AG$14="HT",$AI$14,IF($AJ$14="HT",$AL$14,IF($AM$14="HT",$AO$14,IF($AP$14="HT",$AR$14,"")))))))))) | BC16: =IF($O$14="PURE",$Q$14,IF($R$14="PURE",$T$14,IF($U$14="PURE",$W$14,IF($X$14="PURE",$Z$14,IF($AA$14="PURE",$AC$14,IF($AD$14="PURE",$AF$14,IF($AG$14="PURE",$AI$14,IF($AJ$14="PURE",$AL$14,IF($AM$14="PURE",$AO$14,IF($AP$14="PURE",$AR$14,"")))))))))) | BD16: =IF($P$16="FUM",$Q$16,IF($S$16="FUM",$T$16,IF($V$16="FUM",$W$16,IF($Y$16="FUM",$Z$16,IF($AB$16="FUM",$AC$16,IF($AE$16="FUM",$AF$16,IF($AH$16="FUM",$AI$16,IF($AK$16="FUM",$AL$16,IF($AN$16="FUM",$AO$16,IF($AQ$16="FUM",$AR$16,""))))))))))
H17: =J5 -> 0 | I17: =K5 -> 0 | J17: =L5 -> 0 | K17: =M5 -> 0 | L17: =N5 -> 0 | O17: =J5 -> 0 | P17: =N5 -> 0 | Q17: =O5 -> 0 | R17: =P5 -> 0 | S17: =T5 -> 0 | T17: =U5 -> 0 | U17: =V5 -> 0 | V17: =Z5 -> 0 | W17: =AA5 -> 0 | X17: =AB5 -> 0 | Y17: =AF5 -> 0 | Z17: =AG5 -> 0 | AA17: =AH5 -> 0 | AB17: =AL5 -> 0 | AC17: =AM5 -> 0 | AD17: =AN5 -> 0 | AE17: =AR5 -> 0 | AF17: =AS5 -> 0 | AG17: =AT5 -> 0 | AH17: =AX5 -> 0 | AI17: =AY5 -> 0 | AJ17: =AZ5 -> 0 | AK17: =BD5 -> 0 | AL17: =BE5 -> 0 | AM17: =BF5 -> 0 | AN17: =BJ5 -> 0 | AO17: =BK5 -> 0 | AP17: =BL5 -> 0 | AQ17: =BP5 -> 0 | AR17: =BQ5 -> 0 | AT17: 4 | AU17: =IF($P$17="3L",$Q$17,IF($S$17="3L",$T$17,IF($V$17="3L",$W$17,IF($Y$17="3L",$Z$17,IF($AB$17="3L",$AC$17,IF($AE$17="3L",$AF$17,IF($AH$17="3L",$AI$17,IF($AK$17="3L",$AL$17,IF($AN$17="3L",$AO$17,IF($AQ$17="3L",$AR$17,"")))))))))) | AV17: =IF($P$17="4L",$Q$17,IF($S$17="4L",$T$17,IF($V$17="4L",$W$17,IF($Y$17="4L",$Z$17,IF($AB$17="4L",$AC$17,IF($AE$17="4L",$AF$17,IF($AH$17="4L",$AI$17,IF($AK$17="4L",$AL$17,IF($AN$17="4L",$AO$17,IF($AQ$17="4L",$AR$17,"")))))))))) | AW17: =IF($P$17="5L",$Q$17,IF($S$17="5L",$T$17,IF($V$17="5L",$W$17,IF($Y$17="5L",$Z$17,IF($AB$17="5L",$AC$17,IF($AE$17="5L",$AF$17,IF($AH$17="5L",$AI$17,IF($AK$17="5L",$AL$17,IF($AN$17="5L",$AO$17,IF($AQ$17="5L",$AR$17,"")))))))))) | AX17: =IF($P$17="6L",$Q$17,IF($S$17="6L",$T$17,IF($V$17="6L",$W$17,IF($Y$17="6L",$Z$17,IF($AB$17="6L",$AC$17,IF($AE$17="6L",$AF$17,IF($AH$17="6L",$AI$17,IF($AK$17="6L",$AL$17,IF($AN$17="6L",$AO$17,IF($AQ$17="6L",$AR$17,"")))))))))) | AY17: =IF($P$17="7L",$Q$17,IF($S$17="7L",$T$17,IF($V$17="7L",$W$17,IF($Y$17="7L",$Z$17,IF($AB$17="7L",$AC$17,IF($AE$17="7L",$AF$17,IF($AH$17="7L",$AI$17,IF($AK$17="7L",$AL$17,IF($AN$17="7L",$AO$17,IF($AQ$17="7L",$AR$17,"")))))))))) | AZ17: =IF($O$14="LOFT",$Q$14,IF($R$14="LOFT",$T$14,IF($U$14="LOFT",$W$14,IF($X$14="LOFT",$Z$14,IF($AA$14="LOFT",$AC$14,IF($AD$14="LOFT",$AF$14,IF($AG$14="LOFT",$AI$14,IF($AJ$14="LOFT",$AL$14,IF($AM$14="LOFT",$AO$14,IF($AP$14="LOFT",$AR$14,"")))))))))) | BA17: =IF($O$14="UT",$Q$14,IF($R$14="UT",$T$14,IF($U$14="UT",$W$14,IF($X$14="UT",$Z$14,IF($AA$14="UT",$AC$14,IF($AD$14="UT",$AF$14,IF($AG$14="UT",$AI$14,IF($AJ$14="UT",$AL$14,IF($AM$14="UT",$AO$14,IF($AP$14="UT",$AR$14,"")))))))))) | BB17: =IF($O$14="HT",$Q$14,IF($R$14="HT",$T$14,IF($U$14="HT",$W$14,IF($X$14="HT",$Z$14,IF($AA$14="HT",$AC$14,IF($AD$14="HT",$AF$14,IF($AG$14="HT",$AI$14,IF($AJ$14="HT",$AL$14,IF($AM$14="HT",$AO$14,IF($AP$14="HT",$AR$14,"")))))))))) | BC17: =IF($O$14="PURE",$Q$14,IF($R$14="PURE",$T$14,IF($U$14="PURE",$W$14,IF($X$14="PURE",$Z$14,IF($AA$14="PURE",$AC$14,IF($AD$14="PURE",$AF$14,IF($AG$14="PURE",$AI$14,IF($AJ$14="PURE",$AL$14,IF($AM$14="PURE",$AO$14,IF($AP$14="PURE",$AR$14,"")))))))))) | BD17: =IF($P$17="FUM",$Q$17,IF($S$17="FUM",$T$17,IF($V$17="FUM",$W$17,IF($Y$17="FUM",$Z$17,IF($AB$17="FUM",$AC$17,IF($AE$17="FUM",$AF$17,IF($AH$17="FUM",$AI$17,IF($AK$17="FUM",$AL$17,IF($AN$17="FUM",$AO$17,IF($AQ$17="FUM",$AR$17,""))))))))))
H18: =J6 -> 0 | I18: =K6 -> 0 | J18: =L6 -> 0 | K18: =M6 -> 0 | L18: =N6 -> 0 | O18: =J6 -> 0 | P18: =N6 -> 0 | Q18: =O6 -> 0 | R18: =P6 -> 0 | S18: =T6 -> 0 | T18: =U6 -> 0 | U18: =V6 -> 0 | V18: =Z6 -> 0 | W18: =AA6 -> 0 | X18: =AB6 -> 0 | Y18: =AF6 -> 0 | Z18: =AG6 -> 0 | AA18: =AH6 -> 0 | AB18: =AL6 -> 0 | AC18: =AM6 -> 0 | AD18: =AN6 -> 0 | AE18: =AR6 -> 0 | AF18: =AS6 -> 0 | AG18: =AT6 -> 0 | AH18: =AX6 -> 0 | AI18: =AY6 -> 0 | AJ18: =AZ6 -> 0 | AK18: =BD6 -> 0 | AL18: =BE6 -> 0 | AM18: =BF6 -> 0 | AN18: =BJ6 -> 0 | AO18: =BK6 -> 0 | AP18: =BL6 -> 0 | AQ18: =BP6 -> 0 | AR18: =BQ6 -> 0 | AT18: 5 | AU18: =IF($P$18="3L",$Q$18,IF($S$18="3L",$T$18,IF($V$18="3L",$W$18,IF($Y$18="3L",$Z$18,IF($AB$18="3L",$AC$18,IF($AE$18="3L",$AF$18,IF($AH$18="3L",$AI$18,IF($AK$18="3L",$AL$18,IF($AN$18="3L",$AO$18,IF($AQ$18="3L",$AR$18,"")))))))))) | AV18: =IF($P$18="4L",$Q$18,IF($S$18="4L",$T$18,IF($V$18="4L",$W$18,IF($Y$18="4L",$Z$18,IF($AB$18="4L",$AC$18,IF($AE$18="4L",$AF$18,IF($AH$18="4L",$AI$18,IF($AK$18="4L",$AL$18,IF($AN$18="4L",$AO$18,IF($AQ$18="4L",$AR$18,"")))))))))) | AW18: =IF($P$18="5L",$Q$18,IF($S$18="5L",$T$18,IF($V$18="5L",$W$18,IF($Y$18="5L",$Z$18,IF($AB$18="5L",$AC$18,IF($AE$18="5L",$AF$18,IF($AH$18="5L",$AI$18,IF($AK$18="5L",$AL$18,IF($AN$18="5L",$AO$18,IF($AQ$18="5L",$AR$18,"")))))))))) | AX18: =IF($P$18="6L",$Q$18,IF($S$18="6L",$T$18,IF($V$18="6L",$W$18,IF($Y$18="6L",$Z$18,IF($AB$18="6L",$AC$18,IF($AE$18="6L",$AF$18,IF($AH$18="6L",$AI$18,IF($AK$18="6L",$AL$18,IF($AN$18="6L",$AO$18,IF($AQ$18="6L",$AR$18,"")))))))))) | AY18: =IF($P$18="7L",$Q$18,IF($S$18="7L",$T$18,IF($V$18="7L",$W$18,IF($Y$18="7L",$Z$18,IF($AB$18="7L",$AC$18,IF($AE$18="7L",$AF$18,IF($AH$18="7L",$AI$18,IF($AK$18="7L",$AL$18,IF($AN$18="7L",$AO$18,IF($AQ$18="7L",$AR$18,"")))))))))) | AZ18: =IF($O$14="LOFT",$Q$14,IF($R$14="LOFT",$T$14,IF($U$14="LOFT",$W$14,IF($X$14="LOFT",$Z$14,IF($AA$14="LOFT",$AC$14,IF($AD$14="LOFT",$AF$14,IF($AG$14="LOFT",$AI$14,IF($AJ$14="LOFT",$AL$14,IF($AM$14="LOFT",$AO$14,IF($AP$14="LOFT",$AR$14,"")))))))))) | BA18: =IF($O$14="UT",$Q$14,IF($R$14="UT",$T$14,IF($U$14="UT",$W$14,IF($X$14="UT",$Z$14,IF($AA$14="UT",$AC$14,IF($AD$14="UT",$AF$14,IF($AG$14="UT",$AI$14,IF($AJ$14="UT",$AL$14,IF($AM$14="UT",$AO$14,IF($AP$14="UT",$AR$14,"")))))))))) | BB18: =IF($O$14="HT",$Q$14,IF($R$14="HT",$T$14,IF($U$14="HT",$W$14,IF($X$14="HT",$Z$14,IF($AA$14="HT",$AC$14,IF($AD$14="HT",$AF$14,IF($AG$14="HT",$AI$14,IF($AJ$14="HT",$AL$14,IF($AM$14="HT",$AO$14,IF($AP$14="HT",$AR$14,"")))))))))) | BC18: =IF($O$14="PURE",$Q$14,IF($R$14="PURE",$T$14,IF($U$14="PURE",$W$14,IF($X$14="PURE",$Z$14,IF($AA$14="PURE",$AC$14,IF($AD$14="PURE",$AF$14,IF($AG$14="PURE",$AI$14,IF($AJ$14="PURE",$AL$14,IF($AM$14="PURE",$AO$14,IF($AP$14="PURE",$AR$14,"")))))))))) | BD18: =IF($P$18="FUM",$Q$18,IF($S$18="FUM",$T$18,IF($V$18="FUM",$W$18,IF($Y$18="FUM",$Z$18,IF($AB$18="FUM",$AC$18,IF($AE$18="FUM",$AF$18,IF($AH$18="FUM",$AI$18,IF($AK$18="FUM",$AL$18,IF($AN$18="FUM",$AO$18,IF($AQ$18="FUM",$AR$18,""))))))))))
H19: =J7 -> 0 | I19: =K7 -> 0 | J19: =L7 -> 0 | K19: =M7 -> 0 | L19: =N7 -> 0 | O19: =J7 -> 0 | P19: =N7 -> 0 | Q19: =O7 -> 0 | R19: =P7 -> 0 | S19: =T7 -> 0 | T19: =U7 -> 0 | U19: =V7 -> 0 | V19: =Z7 -> 0 | W19: =AA7 -> 0 | X19: =AB7 -> 0 | Y19: =AF7 -> 0 | Z19: =AG7 -> 0 | AA19: =AH7 -> 0 | AB19: =AL7 -> 0 | AC19: =AM7 -> 0 | AD19: =AN7 -> 0 | AE19: =AR7 -> 0 | AF19: =AS7 -> 0 | AG19: =AT7 -> 0 | AH19: =AX7 -> 0 | AI19: =AY7 -> 0 | AJ19: =AZ7 -> 0 | AK19: =BD7 -> 0 | AL19: =BE7 -> 0 | AM19: =BF7 -> 0 | AN19: =BJ7 -> 0 | AO19: =BK7 -> 0 | AP19: =BL7 -> 0 | AQ19: =BP7 -> 0 | AR19: =BQ7 -> 0 | AT19: 6 | AU19: =IF($P$19="3L",$Q$19,IF($S$19="3L",$T$19,IF($V$19="3L",$W$19,IF($Y$19="3L",$Z$19,IF($AB$19="3L",$AC$19,IF($AE$19="3L",$AF$19,IF($AH$19="3L",$AI$19,IF($AK$19="3L",$AL$19,IF($AN$19="3L",$AO$19,IF($AQ$19="3L",$AR$19,"")))))))))) | AV19: =IF($P$19="4L",$Q$19,IF($S$19="4L",$T$19,IF($V$19="4L",$W$19,IF($Y$19="4L",$Z$19,IF($AB$19="4L",$AC$19,IF($AE$19="4L",$AF$19,IF($AH$19="4L",$AI$19,IF($AK$19="4L",$AL$19,IF($AN$19="4L",$AO$19,IF($AQ$19="4L",$AR$19,"")))))))))) | AW19: =IF($P$19="5L",$Q$19,IF($S$19="5L",$T$19,IF($V$19="5L",$W$19,IF($Y$19="5L",$Z$19,IF($AB$19="5L",$AC$19,IF($AE$19="5L",$AF$19,IF($AH$19="5L",$AI$19,IF($AK$19="5L",$AL$19,IF($AN$19="5L",$AO$19,IF($AQ$19="5L",$AR$19,"")))))))))) | AX19: =IF($P$19="6L",$Q$19,IF($S$19="6L",$T$19,IF($V$19="6L",$W$19,IF($Y$19="6L",$Z$19,IF($AB$19="6L",$AC$19,IF($AE$19="6L",$AF$19,IF($AH$19="6L",$AI$19,IF($AK$19="6L",$AL$19,IF($AN$19="6L",$AO$19,IF($AQ$19="6L",$AR$19,"")))))))))) | AY19: =IF($P$19="7L",$Q$19,IF($S$19="7L",$T$19,IF($V$19="7L",$W$19,IF($Y$19="7L",$Z$19,IF($AB$19="7L",$AC$19,IF($AE$19="7L",$AF$19,IF($AH$19="7L",$AI$19,IF($AK$19="7L",$AL$19,IF($AN$19="7L",$AO$19,IF($AQ$19="7L",$AR$19,"")))))))))) | AZ19: =IF($O$14="LOFT",$Q$14,IF($R$14="LOFT",$T$14,IF($U$14="LOFT",$W$14,IF($X$14="LOFT",$Z$14,IF($AA$14="LOFT",$AC$14,IF($AD$14="LOFT",$AF$14,IF($AG$14="LOFT",$AI$14,IF($AJ$14="LOFT",$AL$14,IF($AM$14="LOFT",$AO$14,IF($AP$14="LOFT",$AR$14,"")))))))))) | BA19: =IF($O$14="UT",$Q$14,IF($R$14="UT",$T$14,IF($U$14="UT",$W$14,IF($X$14="UT",$Z$14,IF($AA$14="UT",$AC$14,IF($AD$14="UT",$AF$14,IF($AG$14="UT",$AI$14,IF($AJ$14="UT",$AL$14,IF($AM$14="UT",$AO$14,IF($AP$14="UT",$AR$14,"")))))))))) | BB19: =IF($O$14="HT",$Q$14,IF($R$14="HT",$T$14,IF($U$14="HT",$W$14,IF($X$14="HT",$Z$14,IF($AA$14="HT",$AC$14,IF($AD$14="HT",$AF$14,IF($AG$14="HT",$AI$14,IF($AJ$14="HT",$AL$14,IF($AM$14="HT",$AO$14,IF($AP$14="HT",$AR$14,"")))))))))) | BC19: =IF($O$14="PURE",$Q$14,IF($R$14="PURE",$T$14,IF($U$14="PURE",$W$14,IF($X$14="PURE",$Z$14,IF($AA$14="PURE",$AC$14,IF($AD$14="PURE",$AF$14,IF($AG$14="PURE",$AI$14,IF($AJ$14="PURE",$AL$14,IF($AM$14="PURE",$AO$14,IF($AP$14="PURE",$AR$14,"")))))))))) | BD19: =IF($P$19="FUM",$Q$19,IF($S$19="FUM",$T$19,IF($V$19="FUM",$W$19,IF($Y$19="FUM",$Z$19,IF($AB$19="FUM",$AC$19,IF($AE$19="FUM",$AF$19,IF($AH$19="FUM",$AI$19,IF($AK$19="FUM",$AL$19,IF($AN$19="FUM",$AO$19,IF($AQ$19="FUM",$AR$19,""))))))))))
H20: =J8 -> 0 | I20: =K8 -> 0 | J20: =L8 -> 0 | K20: =M8 -> 0 | L20: =N8 -> 0 | O20: =J8 -> 0 | P20: =N8 -> 0 | Q20: =O8 -> 0 | R20: =P8 -> 0 | S20: =T8 -> 0 | T20: =U8 -> 0 | U20: =V8 -> 0 | V20: =Z8 -> 0 | W20: =AA8 -> 0 | X20: =AB8 -> 0 | Y20: =AF8 -> 0 | Z20: =AG8 -> 0 | AA20: =AH8 -> 0 | AB20: =AL8 -> 0 | AC20: =AM8 -> 0 | AD20: =AN8 -> 0 | AE20: =AR8 -> 0 | AF20: =AS8 -> 0 | AG20: =AT8 -> 0 | AH20: =AX8 -> 0 | AI20: =AY8 -> 0 | AJ20: =AZ8 -> 0 | AK20: =BD8 -> 0 | AL20: =BE8 -> 0 | AM20: =BF8 -> 0 | AN20: =BJ8 -> 0 | AO20: =BK8 -> 0 | AP20: =BL8 -> 0 | AQ20: =BP8 -> 0 | AR20: =BQ8 -> 0 | AT20: 7 | AU20: =IF($P$20="3L",$Q$20,IF($S$20="3L",$T$20,IF($V$20="3L",$W$20,IF($Y$20="3L",$Z$20,IF($AB$20="3L",$AC$20,IF($AE$20="3L",$AF$20,IF($AH$20="3L",$AI$20,IF($AK$20="3L",$AL$20,IF($AN$20="3L",$AO$20,IF($AQ$20="3L",$AR$20,"")))))))))) | AV20: =IF($P$20="4L",$Q$20,IF($S$20="4L",$T$20,IF($V$20="4L",$W$20,IF($Y$20="4L",$Z$20,IF($AB$20="4L",$AC$20,IF($AE$20="4L",$AF$20,IF($AH$20="4L",$AI$20,IF($AK$20="4L",$AL$20,IF($AN$20="4L",$AO$20,IF($AQ$20="4L",$AR$20,"")))))))))) | AW20: =IF($P$20="5L",$Q$20,IF($S$20="5L",$T$20,IF($V$20="5L",$W$20,IF($Y$20="5L",$Z$20,IF($AB$20="5L",$AC$20,IF($AE$20="5L",$AF$20,IF($AH$20="5L",$AI$20,IF($AK$20="5L",$AL$20,IF($AN$20="5L",$AO$20,IF($AQ$20="5L",$AR$20,"")))))))))) | AX20: =IF($P$20="6L",$Q$20,IF($S$20="6L",$T$20,IF($V$20="6L",$W$20,IF($Y$20="6L",$Z$20,IF($AB$20="6L",$AC$20,IF($AE$20="6L",$AF$20,IF($AH$20="6L",$AI$20,IF($AK$20="6L",$AL$20,IF($AN$20="6L",$AO$20,IF($AQ$20="6L",$AR$20,"")))))))))) | AY20: =IF($P$20="7L",$Q$20,IF($S$20="7L",$T$20,IF($V$20="7L",$W$20,IF($Y$20="7L",$Z$20,IF($AB$20="7L",$AC$20,IF($AE$20="7L",$AF$20,IF($AH$20="7L",$AI$20,IF($AK$20="7L",$AL$20,IF($AN$20="7L",$AO$20,IF($AQ$20="7L",$AR$20,"")))))))))) | AZ20: =IF($O$14="LOFT",$Q$14,IF($R$14="LOFT",$T$14,IF($U$14="LOFT",$W$14,IF($X$14="LOFT",$Z$14,IF($AA$14="LOFT",$AC$14,IF($AD$14="LOFT",$AF$14,IF($AG$14="LOFT",$AI$14,IF($AJ$14="LOFT",$AL$14,IF($AM$14="LOFT",$AO$14,IF($AP$14="LOFT",$AR$14,"")))))))))) | BA20: =IF($O$14="UT",$Q$14,IF($R$14="UT",$T$14,IF($U$14="UT",$W$14,IF($X$14="UT",$Z$14,IF($AA$14="UT",$AC$14,IF($AD$14="UT",$AF$14,IF($AG$14="UT",$AI$14,IF($AJ$14="UT",$AL$14,IF($AM$14="UT",$AO$14,IF($AP$14="UT",$AR$14,"")))))))))) | BB20: =IF($O$14="HT",$Q$14,IF($R$14="HT",$T$14,IF($U$14="HT",$W$14,IF($X$14="HT",$Z$14,IF($AA$14="HT",$AC$14,IF($AD$14="HT",$AF$14,IF($AG$14="HT",$AI$14,IF($AJ$14="HT",$AL$14,IF($AM$14="HT",$AO$14,IF($AP$14="HT",$AR$14,"")))))))))) | BC20: =IF($O$14="PURE",$Q$14,IF($R$14="PURE",$T$14,IF($U$14="PURE",$W$14,IF($X$14="PURE",$Z$14,IF($AA$14="PURE",$AC$14,IF($AD$14="PURE",$AF$14,IF($AG$14="PURE",$AI$14,IF($AJ$14="PURE",$AL$14,IF($AM$14="PURE",$AO$14,IF($AP$14="PURE",$AR$14,"")))))))))) | BD20: =IF($P$20="FUM",$Q$20,IF($S$20="FUM",$T$20,IF($V$20="FUM",$W$20,IF($Y$20="FUM",$Z$20,IF($AB$20="FUM",$AC$20,IF($AE$20="FUM",$AF$20,IF($AH$20="FUM",$AI$20,IF($AK$20="FUM",$AL$20,IF($AN$20="FUM",$AO$20,IF($AQ$20="FUM",$AR$20,""))))))))))
H21: =J9 -> 0 | I21: =K9 -> 0 | J21: =L9 -> 0 | K21: =M9 -> 0 | L21: =N9 -> 0 | O21: =J9 -> 0 | P21: =N9 -> 0 | Q21: =O9 -> 0 | R21: =P9 -> 0 | S21: =T9 -> 0 | T21: =U9 -> 0 | U21: =V9 -> 0 | V21: =Z9 -> 0 | W21: =AA9 -> 0 | X21: =AB9 -> 0 | Y21: =AF9 -> 0 | Z21: =AG9 -> 0 | AA21: =AH9 -> 0 | AB21: =AL9 -> 0 | AC21: =AM9 -> 0 | AD21: =AN9 -> 0 | AE21: =AR9 -> 0 | AF21: =AS9 -> 0 | AG21: =AT9 -> 0 | AH21: =AX9 -> 0 | AI21: =AY9 -> 0 | AJ21: =AZ9 -> 0 | AK21: =BD9 -> 0 | AL21: =BE9 -> 0 | AM21: =BF9 -> 0 | AN21: =BJ9 -> 0 | AO21: =BK9 -> 0 | AP21: =BL9 -> 0 | AQ21: =BP9 -> 0 | AR21: =BQ9 -> 0 | AT21: 8 | AU21: =IF($P$21="3L",$Q$21,IF($S$21="3L",$T$21,IF($V$21="3L",$W$21,IF($Y$21="3L",$Z$21,IF($AB$21="3L",$AC$21,IF($AE$21="3L",$AF$21,IF($AH$21="3L",$AI$21,IF($AK$21="3L",$AL$21,IF($AN$21="3L",$AO$21,IF($AQ$21="3L",$AR$21,"")))))))))) | AV21: =IF($P$21="4L",$Q$21,IF($S$21="4L",$T$21,IF($V$21="4L",$W$21,IF($Y$21="4L",$Z$21,IF($AB$21="4L",$AC$21,IF($AE$21="4L",$AF$21,IF($AH$21="4L",$AI$21,IF($AK$21="4L",$AL$21,IF($AN$21="4L",$AO$21,IF($AQ$21="4L",$AR$21,"")))))))))) | AW21: =IF($P$21="5L",$Q$21,IF($S$21="5L",$T$21,IF($V$21="5L",$W$21,IF($Y$21="5L",$Z$21,IF($AB$21="5L",$AC$21,IF($AE$21="5L",$AF$21,IF($AH$21="5L",$AI$21,IF($AK$21="5L",$AL$21,IF($AN$21="5L",$AO$21,IF($AQ$21="5L",$AR$21,"")))))))))) | AX21: =IF($P$21="6L",$Q$21,IF($S$21="6L",$T$21,IF($V$21="6L",$W$21,IF($Y$21="6L",$Z$21,IF($AB$21="6L",$AC$21,IF($AE$21="6L",$AF$21,IF($AH$21="6L",$AI$21,IF($AK$21="6L",$AL$21,IF($AN$21="6L",$AO$21,IF($AQ$21="6L",$AR$21,"")))))))))) | AY21: =IF($P$21="7L",$Q$21,IF($S$21="7L",$T$21,IF($V$21="7L",$W$21,IF($Y$21="7L",$Z$21,IF($AB$21="7L",$AC$21,IF($AE$21="7L",$AF$21,IF($AH$21="7L",$AI$21,IF($AK$21="7L",$AL$21,IF($AN$21="7L",$AO$21,IF($AQ$21="7L",$AR$21,"")))))))))) | AZ21: =IF($O$14="LOFT",$Q$14,IF($R$14="LOFT",$T$14,IF($U$14="LOFT",$W$14,IF($X$14="LOFT",$Z$14,IF($AA$14="LOFT",$AC$14,IF($AD$14="LOFT",$AF$14,IF($AG$14="LOFT",$AI$14,IF($AJ$14="LOFT",$AL$14,IF($AM$14="LOFT",$AO$14,IF($AP$14="LOFT",$AR$14,"")))))))))) | BA21: =IF($O$14="UT",$Q$14,IF($R$14="UT",$T$14,IF($U$14="UT",$W$14,IF($X$14="UT",$Z$14,IF($AA$14="UT",$AC$14,IF($AD$14="UT",$AF$14,IF($AG$14="UT",$AI$14,IF($AJ$14="UT",$AL$14,IF($AM$14="UT",$AO$14,IF($AP$14="UT",$AR$14,"")))))))))) | BB21: =IF($O$14="HT",$Q$14,IF($R$14="HT",$T$14,IF($U$14="HT",$W$14,IF($X$14="HT",$Z$14,IF($AA$14="HT",$AC$14,IF($AD$14="HT",$AF$14,IF($AG$14="HT",$AI$14,IF($AJ$14="HT",$AL$14,IF($AM$14="HT",$AO$14,IF($AP$14="HT",$AR$14,"")))))))))) | BC21: =IF($O$14="PURE",$Q$14,IF($R$14="PURE",$T$14,IF($U$14="PURE",$W$14,IF($X$14="PURE",$Z$14,IF($AA$14="PURE",$AC$14,IF($AD$14="PURE",$AF$14,IF($AG$14="PURE",$AI$14,IF($AJ$14="PURE",$AL$14,IF($AM$14="PURE",$AO$14,IF($AP$14="PURE",$AR$14,"")))))))))) | BD21: =IF($P$21="FUM",$Q$21,IF($S$21="FUM",$T$21,IF($V$21="FUM",$W$21,IF($Y$21="FUM",$Z$21,IF($AB$21="FUM",$AC$21,IF($AE$21="FUM",$AF$21,IF($AH$21="FUM",$AI$21,IF($AK$21="FUM",$AL$21,IF($AN$21="FUM",$AO$21,IF($AQ$21="FUM",$AR$21,""))))))))))
H22: =J10 -> 0 | I22: =K10 -> 0 | J22: =L10 -> 0 | K22: =M10 -> 0 | L22: =N10 -> 0 | O22: =J10 -> 0 | P22: =N10 -> 0 | Q22: =O10 -> 0 | R22: =P10 -> 0 | S22: =T10 -> 0 | T22: =U10 -> 0 | U22: =V10 -> 0 | V22: =Z10 -> 0 | W22: =AA10 -> 0 | X22: =AB10 -> 0 | Y22: =AF10 -> 0 | Z22: =AG10 -> 0 | AA22: =AH10 -> 0 | AB22: =AL10 -> 0 | AC22: =AM10 -> 0 | AD22: =AN10 -> 0 | AE22: =AR10 -> 0 | AF22: =AS10 -> 0 | AG22: =AT10 -> 0 | AH22: =AX10 -> 0 | AI22: =AY10 -> 0 | AJ22: =AZ10 -> 0 | AK22: =BD10 -> 0 | AL22: =BE10 -> 0 | AM22: =BF10 -> 0 | AN22: =BJ10 -> 0 | AO22: =BK10 -> 0 | AP22: =BL10 -> 0 | AQ22: =BP10 -> 0 | AR22: =BQ10 -> 0 | AT22: 9 | AU22: =IF($P$22="3L",$Q$22,IF($S$22="3L",$T$22,IF($V$22="3L",$W$22,IF($Y$22="3L",$Z$22,IF($AB$22="3L",$AC$22,IF($AE$22="3L",$AF$22,IF($AH$22="3L",$AI$22,IF($AK$22="3L",$AL$22,IF($AN$22="3L",$AO$22,IF($AQ$22="3L",$AR$22,"")))))))))) | AV22: =IF($P$22="4L",$Q$22,IF($S$22="4L",$T$22,IF($V$22="4L",$W$22,IF($Y$22="4L",$Z$22,IF($AB$22="4L",$AC$22,IF($AE$22="4L",$AF$22,IF($AH$22="4L",$AI$22,IF($AK$22="4L",$AL$22,IF($AN$22="4L",$AO$22,IF($AQ$22="4L",$AR$22,"")))))))))) | AW22: =IF($P$22="5L",$Q$22,IF($S$22="5L",$T$22,IF($V$22="5L",$W$22,IF($Y$22="5L",$Z$22,IF($AB$22="5L",$AC$22,IF($AE$22="5L",$AF$22,IF($AH$22="5L",$AI$22,IF($AK$22="5L",$AL$22,IF($AN$22="5L",$AO$22,IF($AQ$22="5L",$AR$22,"")))))))))) | AX22: =IF($P$22="6L",$Q$22,IF($S$22="6L",$T$22,IF($V$22="6L",$W$22,IF($Y$22="6L",$Z$22,IF($AB$22="6L",$AC$22,IF($AE$22="6L",$AF$22,IF($AH$22="6L",$AI$22,IF($AK$22="6L",$AL$22,IF($AN$22="6L",$AO$22,IF($AQ$22="6L",$AR$22,"")))))))))) | AY22: =IF($P$22="7L",$Q$22,IF($S$22="7L",$T$22,IF($V$22="7L",$W$22,IF($Y$22="7L",$Z$22,IF($AB$22="7L",$AC$22,IF($AE$22="7L",$AF$22,IF($AH$22="7L",$AI$22,IF($AK$22="7L",$AL$22,IF($AN$22="7L",$AO$22,IF($AQ$22="7L",$AR$22,"")))))))))) | AZ22: =IF($O$14="LOFT",$Q$14,IF($R$14="LOFT",$T$14,IF($U$14="LOFT",$W$14,IF($X$14="LOFT",$Z$14,IF($AA$14="LOFT",$AC$14,IF($AD$14="LOFT",$AF$14,IF($AG$14="LOFT",$AI$14,IF($AJ$14="LOFT",$AL$14,IF($AM$14="LOFT",$AO$14,IF($AP$14="LOFT",$AR$14,"")))))))))) | BA22: =IF($O$14="UT",$Q$14,IF($R$14="UT",$T$14,IF($U$14="UT",$W$14,IF($X$14="UT",$Z$14,IF($AA$14="UT",$AC$14,IF($AD$14="UT",$AF$14,IF($AG$14="UT",$AI$14,IF($AJ$14="UT",$AL$14,IF($AM$14="UT",$AO$14,IF($AP$14="UT",$AR$14,"")))))))))) | BB22: =IF($O$14="HT",$Q$14,IF($R$14="HT",$T$14,IF($U$14="HT",$W$14,IF($X$14="HT",$Z$14,IF($AA$14="HT",$AC$14,IF($AD$14="HT",$AF$14,IF($AG$14="HT",$AI$14,IF($AJ$14="HT",$AL$14,IF($AM$14="HT",$AO$14,IF($AP$14="HT",$AR$14,"")))))))))) | BC22: =IF($O$14="PURE",$Q$14,IF($R$14="PURE",$T$14,IF($U$14="PURE",$W$14,IF($X$14="PURE",$Z$14,IF($AA$14="PURE",$AC$14,IF($AD$14="PURE",$AF$14,IF($AG$14="PURE",$AI$14,IF($AJ$14="PURE",$AL$14,IF($AM$14="PURE",$AO$14,IF($AP$14="PURE",$AR$14,"")))))))))) | BD22: =IF($P$22="FUM",$Q$22,IF($S$22="FUM",$T$22,IF($V$22="FUM",$W$22,IF($Y$22="FUM",$Z$22,IF($AB$22="FUM",$AC$22,IF($AE$22="FUM",$AF$22,IF($AH$22="FUM",$AI$22,IF($AK$22="FUM",$AL$22,IF($AN$22="FUM",$AO$22,IF($AQ$22="FUM",$AR$22,""))))))))))
H23: =J11 -> 0 | I23: =K11 -> 0 | J23: =L11 -> 0 | K23: =M11 -> 0 | L23: =N11 -> 0 | O23: =J11 -> 0 | P23: =N11 -> 0 | Q23: =O11 -> 0 | R23: =P11 -> 0 | S23: =T11 -> 0 | T23: =U11 -> 0 | U23: =V11 -> 0 | V23: =Z11 -> 0 | W23: =AA11 -> 0 | X23: =AB11 -> 0 | Y23: =AF11 -> 0 | Z23: =AG11 -> 0 | AA23: =AH11 -> 0 | AB23: =AL11 -> 0 | AC23: =AM11 -> 0 | AD23: =AN11 -> 0 | AE23: =AR11 -> 0 | AF23: =AS11 -> 0 | AG23: =AT11 -> 0 | AH23: =AX11 -> 0 | AI23: =AY11 -> 0 | AJ23: =AZ11 -> 0 | AK23: =BD11 -> 0 | AL23: =BE11 -> 0 | AM23: =BF11 -> 0 | AN23: =BJ11 -> 0 | AO23: =BK11 -> 0 | AP23: =BL11 -> 0 | AQ23: =BP11 -> 0 | AR23: =BQ11 -> 0 | AT23: 10 | AU23: =IF($P$23="3L",$Q$23,IF($S$23="3L",$T$23,IF($V$23="3L",$W$23,IF($Y$23="3L",$Z$23,IF($AB$23="3L",$AC$23,IF($AE$23="3L",$AF$23,IF($AH$23="3L",$AI$23,IF($AK$23="3L",$AL$23,IF($AN$23="3L",$AO$23,IF($AQ$23="3L",$AR$23,"")))))))))) | AV23: =IF($P$23="4L",$Q$23,IF($S$23="4L",$T$23,IF($V$23="4L",$W$23,IF($Y$23="4L",$Z$23,IF($AB$23="4L",$AC$23,IF($AE$23="4L",$AF$23,IF($AH$23="4L",$AI$23,IF($AK$23="4L",$AL$23,IF($AN$23="4L",$AO$23,IF($AQ$23="4L",$AR$23,"")))))))))) | AW23: =IF($P$23="5L",$Q$23,IF($S$23="5L",$T$23,IF($V$23="5L",$W$23,IF($Y$23="5L",$Z$23,IF($AB$23="5L",$AC$23,IF($AE$23="5L",$AF$23,IF($AH$23="5L",$AI$23,IF($AK$23="5L",$AL$23,IF($AN$23="5L",$AO$23,IF($AQ$23="5L",$AR$23,"")))))))))) | AX23: =IF($P$23="6L",$Q$23,IF($S$23="6L",$T$23,IF($V$23="6L",$W$23,IF($Y$23="6L",$Z$23,IF($AB$23="6L",$AC$23,IF($AE$23="6L",$AF$23,IF($AH$23="6L",$AI$23,IF($AK$23="6L",$AL$23,IF($AN$23="6L",$AO$23,IF($AQ$23="6L",$AR$23,"")))))))))) | AY23: =IF($P$23="7L",$Q$23,IF($S$23="7L",$T$23,IF($V$23="7L",$W$23,IF($Y$23="7L",$Z$23,IF($AB$23="7L",$AC$23,IF($AE$23="7L",$AF$23,IF($AH$23="7L",$AI$23,IF($AK$23="7L",$AL$23,IF($AN$23="7L",$AO$23,IF($AQ$23="7L",$AR$23,"")))))))))) | AZ23: =IF($O$14="LOFT",$Q$14,IF($R$14="LOFT",$T$14,IF($U$14="LOFT",$W$14,IF($X$14="LOFT",$Z$14,IF($AA$14="LOFT",$AC$14,IF($AD$14="LOFT",$AF$14,IF($AG$14="LOFT",$AI$14,IF($AJ$14="LOFT",$AL$14,IF($AM$14="LOFT",$AO$14,IF($AP$14="LOFT",$AR$14,"")))))))))) | BA23: =IF($O$14="UT",$Q$14,IF($R$14="UT",$T$14,IF($U$14="UT",$W$14,IF($X$14="UT",$Z$14,IF($AA$14="UT",$AC$14,IF($AD$14="UT",$AF$14,IF($AG$14="UT",$AI$14,IF($AJ$14="UT",$AL$14,IF($AM$14="UT",$AO$14,IF($AP$14="UT",$AR$14,"")))))))))) | BB23: =IF($O$14="HT",$Q$14,IF($R$14="HT",$T$14,IF($U$14="HT",$W$14,IF($X$14="HT",$Z$14,IF($AA$14="HT",$AC$14,IF($AD$14="HT",$AF$14,IF($AG$14="HT",$AI$14,IF($AJ$14="HT",$AL$14,IF($AM$14="HT",$AO$14,IF($AP$14="HT",$AR$14,"")))))))))) | BC23: =IF($O$14="PURE",$Q$14,IF($R$14="PURE",$T$14,IF($U$14="PURE",$W$14,IF($X$14="PURE",$Z$14,IF($AA$14="PURE",$AC$14,IF($AD$14="PURE",$AF$14,IF($AG$14="PURE",$AI$14,IF($AJ$14="PURE",$AL$14,IF($AM$14="PURE",$AO$14,IF($AP$14="PURE",$AR$14,"")))))))))) | BD23: =IF($P$23="FUM",$Q$23,IF($S$23="FUM",$T$23,IF($V$23="FUM",$W$23,IF($Y$23="FUM",$Z$23,IF($AB$23="FUM",$AC$23,IF($AE$23="FUM",$AF$23,IF($AH$23="FUM",$AI$23,IF($AK$23="FUM",$AL$23,IF($AN$23="FUM",$AO$23,IF($AQ$23="FUM",$AR$23,""))))))))))
H24: =P2 -> AG | I24: =Q2 -> 1000 | J24: =R2 -> 10 | K24: =S2 -> Y | L24: =T2 -> 3L
H25: =P3 -> 0 | I25: =Q3 -> 0 | J25: =R3 -> 0 | K25: =S3 -> 0 | L25: =T3 -> 0
H26: =P4 -> 0 | I26: =Q4 -> 0 | J26: =R4 -> 0 | K26: =S4 -> 0 | L26: =T4 -> 0
H27: =P5 -> 0 | I27: =Q5 -> 0 | J27: =R5 -> 0 | K27: =S5 -> 0 | L27: =T5 -> 0
H28: =P6 -> 0 | I28: =Q6 -> 0 | J28: =R6 -> 0 | K28: =S6 -> 0 | L28: =T6 -> 0
H29: =P7 -> 0 | I29: =Q7 -> 0 | J29: =R7 -> 0 | K29: =S7 -> 0 | L29: =T7 -> 0
H30: =P8 -> 0 | I30: =Q8 -> 0 | J30: =R8 -> 0 | K30: =S8 -> 0 | L30: =T8 -> 0
H31: =P9 -> 0 | I31: =Q9 -> 0 | J31: =R9 -> 0 | K31: =S9 -> 0 | L31: =T9 -> 0
H32: =P10 -> 0 | I32: =Q10 -> 0 | J32: =R10 -> 0 | K32: =S10 -> 0 | L32: =T10 -> 0
H33: =P11 -> 0 | I33: =Q11 -> 0 | J33: =R11 -> 0 | K33: =S11 -> 0 | L33: =T11 -> 0
H34: =V2 -> AG | I34: =W2 -> 750 | J34: =X2 -> 10 | K34: =Y2 -> Y | L34: =Z2 -> 3L
H35: =V3 -> 0 | I35: =W3 -> 0 | J35: =X3 -> 0 | K35: =Y3 -> 0 | L35: =Z3 -> 0
H36: =V4 -> 0 | I36: =W4 -> 0 | J36: =X4 -> 0 | K36: =Y4 -> 0 | L36: =Z4 -> 0
H37: =V5 -> 0 | I37: =W5 -> 0 | J37: =X5 -> 0 | K37: =Y5 -> 0 | L37: =Z5 -> 0
H38: =V6 -> 0 | I38: =W6 -> 0 | J38: =X6 -> 0 | K38: =Y6 -> 0 | L38: =Z6 -> 0
H39: =V7 -> 0 | I39: =W7 -> 0 | J39: =X7 -> 0 | K39: =Y7 -> 0 | L39: =Z7 -> 0
H40: =V8 -> 0 | I40: =W8 -> 0 | J40: =X8 -> 0 | K40: =Y8 -> 0 | L40: =Z8 -> 0
H41: =V9 -> 0 | I41: =W9 -> 0 | J41: =X9 -> 0 | K41: =Y9 -> 0 | L41: =Z9 -> 0
H42: =V10 -> 0 | I42: =W10 -> 0 | J42: =X10 -> 0 | K42: =Y10 -> 0 | L42: =Z10 -> 0
H43: =V11 -> 0 | I43: =W11 -> 0 | J43: =X11 -> 0 | K43: =Y11 -> 0 | L43: =Z11 -> 0
H44: =AB2 -> AG | I44: =AC2 -> 500 | J44: =AD2 -> 20 | K44: =AE2 -> Y | L44: =AF2 -> 3L
H45: =AB3 -> 0 | I45: =AC3 -> 0 | J45: =AD3 -> 0 | K45: =AE3 -> 0 | L45: =AF3 -> 0
H46: =AB4 -> 0 | I46: =AC4 -> 0 | J46: =AD4 -> 0 | K46: =AE4 -> 0 | L46: =AF4 -> 0
H47: =AB5 -> 0 | I47: =AC5 -> 0 | J47: =AD5 -> 0 | K47: =AE5 -> 0 | L47: =AF5 -> 0
H48: =AB6 -> 0 | I48: =AC6 -> 0 | J48: =AD6 -> 0 | K48: =AE6 -> 0 | L48: =AF6 -> 0
H49: =AB7 -> 0 | I49: =AC7 -> 0 | J49: =AD7 -> 0 | K49: =AE7 -> 0 | L49: =AF7 -> 0
H50: =AB8 -> 0 | I50: =AC8 -> 0 | J50: =AD8 -> 0 | K50: =AE8 -> 0 | L50: =AF8 -> 0
H51: =AB9 -> 0 | I51: =AC9 -> 0 | J51: =AD9 -> 0 | K51: =AE9 -> 0 | L51: =AF9 -> 0
H52: =AB10 -> 0 | I52: =AC10 -> 0 | J52: =AD10 -> 0 | K52: =AE10 -> 0 | L52: =AF10 -> 0
H53: =AB11 -> 0 | I53: =AC11 -> 0 | J53: =AD11 -> 0 | K53: =AE11 -> 0 | L53: =AF11 -> 0
H54: =AH2 -> 0 | I54: =AI2 -> 0 | J54: =AJ2 -> 0 | K54: =AK2 -> 0 | L54: =AL2 -> 0
H55: =AH3 -> 0 | I55: =AI3 -> 0 | J55: =AJ3 -> 0 | K55: =AK3 -> 0 | L55: =AL3 -> 0
H56: =AH4 -> 0 | I56: =AI4 -> 0 | J56: =AJ4 -> 0 | K56: =AK4 -> 0 | L56: =AL4 -> 0
H57: =AH5 -> 0 | I57: =AI5 -> 0 | J57: =AJ5 -> 0 | K57: =AK5 -> 0 | L57: =AL5 -> 0
H58: =AH6 -> 0 | I58: =AI6 -> 0 | J58: =AJ6 -> 0 | K58: =AK6 -> 0 | L58: =AL6 -> 0
H59: =AH7 -> 0 | I59: =AI7 -> 0 | J59: =AJ7 -> 0 | K59: =AK7 -> 0 | L59: =AL7 -> 0
H60: =AH8 -> 0 | I60: =AI8 -> 0 | J60: =AJ8 -> 0 | K60: =AK8 -> 0 | L60: =AL8 -> 0
H61: =AH9 -> 0 | I61: =AI9 -> 0 | J61: =AJ9 -> 0 | K61: =AK9 -> 0 | L61: =AL9 -> 0
H62: =AH10 -> 0 | I62: =AI10 -> 0 | J62: =AJ10 -> 0 | K62: =AK10 -> 0 | L62: =AL10 -> 0
H63: =AH11 -> 0 | I63: =AI11 -> 0 | J63: =AJ11 -> 0 | K63: =AK11 -> 0 | L63: =AL11 -> 0
H64: =AN2 -> 0 | I64: =AO2 -> 0 | J64: =AP2 -> 0 | K64: =AQ2 -> 0 | L64: =AR2 -> 0
H65: =AN3 -> 0 | I65: =AO3 -> 0 | J65: =AP3 -> 0 | K65: =AQ3 -> 0 | L65: =AR3 -> 0
H66: =AN4 -> 0 | I66: =AO4 -> 0 | J66: =AP4 -> 0 | K66: =AQ4 -> 0 | L66: =AR4 -> 0
H67: =AN5 -> 0 | I67: =AO5 -> 0 | J67: =AP5 -> 0 | K67: =AQ5 -> 0 | L67: =AR5 -> 0
H68: =AN6 -> 0 | I68: =AO6 -> 0 | J68: =AP6 -> 0 | K68: =AQ6 -> 0 | L68: =AR6 -> 0
H69: =AN7 -> 0 | I69: =AO7 -> 0 | J69: =AP7 -> 0 | K69: =AQ7 -> 0 | L69: =AR7 -> 0
H70: =AN8 -> 0 | I70: =AO8 -> 0 | J70: =AP8 -> 0 | K70: =AQ8 -> 0 | L70: =AR8 -> 0
H71: =AN9 -> 0 | I71: =AO9 -> 0 | J71: =AP9 -> 0 | K71: =AQ9 -> 0 | L71: =AR9 -> 0
H72: =AN10 -> 0 | I72: =AO10 -> 0 | J72: =AP10 -> 0 | K72: =AQ10 -> 0 | L72: =AR10 -> 0
H73: =AN11 -> 0 | I73: =AO11 -> 0 | J73: =AP11 -> 0 | K73: =AQ11 -> 0 | L73: =AR11 -> 0
H74: =AT2 -> 0 | I74: =AU2 -> 0 | J74: =AV2 -> 0 | K74: =AW2 -> 0 | L74: =AX2 -> 0
H75: =AT3 -> 0 | I75: =AU3 -> 0 | J75: =AV3 -> 0 | K75: =AW3 -> 0 | L75: =AX3 -> 0
H76: =AT4 -> 0 | I76: =AU4 -> 0 | J76: =AV4 -> 0 | K76: =AW4 -> 0 | L76: =AX4 -> 0
H77: =AT5 -> 0 | I77: =AU5 -> 0 | J77: =AV5 -> 0 | K77: =AW5 -> 0 | L77: =AX5 -> 0
H78: =AT6 -> 0 | I78: =AU6 -> 0 | J78: =AV6 -> 0 | K78: =AW6 -> 0 | L78: =AX6 -> 0
H79: =AT7 -> 0 | I79: =AU7 -> 0 | J79: =AV7 -> 0 | K79: =AW7 -> 0 | L79: =AX7 -> 0
H80: =AT8 -> 0 | I80: =AU8 -> 0 | J80: =AV8 -> 0 | K80: =AW8 -> 0 | L80: =AX8 -> 0
H81: =AT9 -> 0 | I81: =AU9 -> 0 | J81: =AV9 -> 0 | K81: =AW9 -> 0 | L81: =AX9 -> 0
H82: =AT10 -> 0 | I82: =AU10 -> 0 | J82: =AV10 -> 0 | K82: =AW10 -> 0 | L82: =AX10 -> 0
H83: =AT11 -> 0 | I83: =AU11 -> 0 | J83: =AV11 -> 0 | K83: =AW11 -> 0 | L83: =AX11 -> 0
H84: =AZ2 -> 0 | I84: =BA2 -> 0 | J84: =BB2 -> 0 | K84: =BC2 -> 0 | L84: =BD2 -> 0
H85: =AZ3 -> 0 | I85: =BA3 -> 0 | J85: =BB3 -> 0 | K85: =BC3 -> 0 | L85: =BD3 -> 0
H86: =AZ4 -> 0 | I86: =BA4 -> 0 | J86: =BB4 -> 0 | K86: =BC4 -> 0 | L86: =BD4 -> 0
H87: =AZ5 -> 0 | I87: =BA5 -> 0 | J87: =BB5 -> 0 | K87: =BC5 -> 0 | L87: =BD5 -> 0
H88: =AZ6 -> 0 | I88: =BA6 -> 0 | J88: =BB6 -> 0 | K88: =BC6 -> 0 | L88: =BD6 -> 0
H89: =AZ7 -> 0 | I89: =BA7 -> 0 | J89: =BB7 -> 0 | K89: =BC7 -> 0 | L89: =BD7 -> 0
H90: =AZ8 -> 0 | I90: =BA8 -> 0 | J90: =BB8 -> 0 | K90: =BC8 -> 0 | L90: =BD8 -> 0
H91: =AZ9 -> 0 | I91: =BA9 -> 0 | J91: =BB9 -> 0 | K91: =BC9 -> 0 | L91: =BD9 -> 0
H92: =AZ10 -> 0 | I92: =BA10 -> 0 | J92: =BB10 -> 0 | K92: =BC10 -> 0 | L92: =BD10 -> 0
H93: =AZ11 -> 0 | I93: =BA11 -> 0 | J93: =BB11 -> 0 | K93: =BC11 -> 0 | L93: =BD11 -> 0
H94: =BF2 -> 0 | I94: =BG2 -> 0 | J94: =BH2 -> 0 | K94: =BI2 -> 0 | L94: =BJ2 -> 0
H95: =BF3 -> 0 | I95: =BG3 -> 0 | J95: =BH3 -> 0 | K95: =BI3 -> 0 | L95: =BJ3 -> 0
H96: =BF4 -> 0 | I96: =BG4 -> 0 | J96: =BH4 -> 0 | K96: =BI4 -> 0 | L96: =BJ4 -> 0
H97: =BF5 -> 0 | I97: =BG5 -> 0 | J97: =BH5 -> 0 | K97: =BI5 -> 0 | L97: =BJ5 -> 0
H98: =BF6 -> 0 | I98: =BG6 -> 0 | J98: =BH6 -> 0 | K98: =BI6 -> 0 | L98: =BJ6 -> 0
H99: =BF7 -> 0 | I99: =BG7 -> 0 | J99: =BH7 -> 0 | K99: =BI7 -> 0 | L99: =BJ7 -> 0
H100: =BF8 -> 0 | I100: =BG8 -> 0 | J100: =BH8 -> 0 | K100: =BI8 -> 0 | L100: =BJ8 -> 0
H101: =BF9 -> 0 | I101: =BG9 -> 0 | J101: =BH9 -> 0 | K101: =BI9 -> 0 | L101: =BJ9 -> 0
H102: =BF10 -> 0 | I102: =BG10 -> 0 | J102: =BH10 -> 0 | K102: =BI10 -> 0 | L102: =BJ10 -> 0
H103: =BF11 -> 0 | I103: =BG11 -> 0 | J103: =BH11 -> 0 | K103: =BI11 -> 0 | L103: =BJ11 -> 0
H104: =BL2 -> 0 | I104: =BM2 -> 0 | J104: =BN2 -> 0 | K104: =BO2 -> 0 | L104: =BP2 -> 0
H105: =BL3 -> 0 | I105: =BM3 -> 0 | J105: =BN3 -> 0 | K105: =BO3 -> 0 | L105: =BP3 -> 0
H106: =BL4 -> 0 | I106: =BM4 -> 0 | J106: =BN4 -> 0 | K106: =BO4 -> 0 | L106: =BP4 -> 0
H107: =BL5 -> 0 | I107: =BM5 -> 0 | J107: =BN5 -> 0 | K107: =BO5 -> 0 | L107: =BP5 -> 0
H108: =BL6 -> 0 | I108: =BM6 -> 0 | J108: =BN6 -> 0 | K108: =BO6 -> 0 | L108: =BP6 -> 0
H109: =BL7 -> 0 | I109: =BM7 -> 0 | J109: =BN7 -> 0 | K109: =BO7 -> 0 | L109: =BP7 -> 0
H110: =BL8 -> 0 | I110: =BM8 -> 0 | J110: =BN8 -> 0 | K110: =BO8 -> 0 | L110: =BP8 -> 0
H111: =BL9 -> 0 | I111: =BM9 -> 0 | J111: =BN9 -> 0 | K111: =BO9 -> 0 | L111: =BP9 -> 0
...

Sheet N & S
A1: Order ID | B1: Date | C1: Sales | D1: New Party | E1: Route | F1: Party Code | G1: Party Name | H1: Area | I1: Remarks | J1: Tank | K1: Size | L1: Qty | M1: Col | N1: Lay | O1: Rate | P1: Tank | Q1: Size | R1: Qty | S1: Col | T1: Lay | U1: Rate | V1: Tank | W1: Size | X1: Qty | Y1: Col | Z1: Lay | AA1: Rate | AB1: Tank | AC1: Size | AD1: Qty | AE1: Col | AF1: Lay | AG1: Rate | AH1: Tank | AI1: Size | AJ1: Qty | AK1: Col | AL1: Lay | AM1: Rate | AN1: Tank | AO1: Size | AP1: Qty | AQ1: Col | AR1: Lay | AS1: Rate | AT1: Tank | AU1: Size | AV1: Qty | AW1: Col | AX1: Lay | AY1: Rate | AZ1: Tank | BA1: Size | BB1: Qty | BC1: Col | BD1: Lay | BE1: Rate | BF1: Tank | BG1: Size | BH1: Qty | BI1: Col | BJ1: Lay | BK1: Rate | BL1: Tank | BM1: Size | BN1: Qty | BO1: Col | BP1: Lay | BQ1: Rate | BR1: Terms | BS1: Site Delivery | BT1: Ltrs
A2: 21420 | B2: 46031 | C2: A/C | D2: No | E2: AP | F2: AP08 | G2: PAWAN PUTRA AGENCY | H2: TIRUPATHI | J2: AG | K2: 1500 | L2: 8 | M2: Y | N2: 3L | O2: 3.5 | P2: AG | Q2: 1000 | R2: 10 | S2: Y | T2: 3L | U2: 3.5 | V2: AG | W2: 750 | X2: 10 | Y2: Y | Z2: 3L | AA2: 3.5 | AB2: AG | AC2: 500 | AD2: 20 | AE2: Y | AF2: 3L | AG2: 3.5 | BR2: COD | BS2: 3L-0.50 | BT2: =K2*L2+Q2*R2+W2*X2+AC2*AD2+AI2*AJ2+AO2*AP2+AU2*AV2+BA2*BB2+BG2*BH2+BM2*BN2 -> 39500
H14: =J2 -> AG | I14: =K2 -> 1500 | J14: =L2 -> 8 | K14: =M2 -> Y | L14: =N2 -> 3L | O14: =J2 -> AG | P14: =N2 -> 3L | Q14: =O2 -> 3.5 | R14: =P2 -> AG | S14: =T2 -> 3L | T14: =U2 -> 3.5 | U14: =V2 -> AG | V14: =Z2 -> 3L | W14: =AA2 -> 3.5 | X14: =AB2 -> AG | Y14: =AF2 -> 3L | Z14: =AG2 -> 3.5 | AA14: =AH2 -> 0 | AB14: =AL2 -> 0 | AC14: =AM2 -> 0 | AD14: =AN2 -> 0 | AE14: =AR2 -> 0 | AF14: =AS2 -> 0 | AG14: =AT2 -> 0 | AH14: =AX2 -> 0 | AI14: =AY2 -> 0 | AJ14: =AZ2 -> 0 | AK14: =BD2 -> 0 | AL14: =BE2 -> 0 | AM14: =BF2 -> 0 | AN14: =BJ2 -> 0 | AO14: =BK2 -> 0 | AP14: =BL2 -> 0 | AQ14: =BP2 -> 0 | AR14: =BQ2 -> 0 | AT14: 1 | AU14: =IF($P$14="3L",$Q$14,IF($S$14="3L",$T$14,IF($V$14="3L",$W$14,IF($Y$14="3L",$Z$14,IF($AB$14="3L",$AC$14,IF($AE$14="3L",$AF$14,IF($AH$14="3L",$AI$14,IF($AK$14="3L",$AL$14,IF($AN$14="3L",$AO$14,IF($AQ$14="3L",$AR$14,"")))))))))) -> 3.5 | AV14: =IF($P$14="4L",$Q$14,IF($S$14="4L",$T$14,IF($V$14="4L",$W$14,IF($Y$14="4L",$Z$14,IF($AB$14="4L",$AC$14,IF($AE$14="4L",$AF$14,IF($AH$14="4L",$AI$14,IF($AK$14="4L",$AL$14,IF($AN$14="4L",$AO$14,IF($AQ$14="4L",$AR$14,"")))))))))) | AW14: =IF($P$14="5L",$Q$14,IF($S$14="5L",$T$14,IF($V$14="5L",$W$14,IF($Y$14="5L",$Z$14,IF($AB$14="5L",$AC$14,IF($AE$14="5L",$AF$14,IF($AH$14="5L",$AI$14,IF($AK$14="5L",$AL$14,IF($AN$14="5L",$AO$14,IF($AQ$14="5L",$AR$14,"")))))))))) | AX14: =IF($P$14="6L",$Q$14,IF($S$14="6L",$T$14,IF($V$14="6L",$W$14,IF($Y$14="6L",$Z$14,IF($AB$14="6L",$AC$14,IF($AE$14="6L",$AF$14,IF($AH$14="6L",$AI$14,IF($AK$14="6L",$AL$14,IF($AN$14="6L",$AO$14,IF($AQ$14="6L",$AR$14,"")))))))))) | AY14: =IF($P$14="7L",$Q$14,IF($S$14="7L",$T$14,IF($V$14="7L",$W$14,IF($Y$14="7L",$Z$14,IF($AB$14="7L",$AC$14,IF($AE$14="7L",$AF$14,IF($AH$14="7L",$AI$14,IF($AK$14="7L",$AL$14,IF($AN$14="7L",$AO$14,IF($AQ$14="7L",$AR$14,"")))))))))) | AZ14: =IF($O$14="LOFT",$Q$14,IF($R$14="LOFT",$T$14,IF($U$14="LOFT",$W$14,IF($X$14="LOFT",$Z$14,IF($AA$14="LOFT",$AC$14,IF($AD$14="LOFT",$AF$14,IF($AG$14="LOFT",$AI$14,IF($AJ$14="LOFT",$AL$14,IF($AM$14="LOFT",$AO$14,IF($AP$14="LOFT",$AR$14,"")))))))))) | BA14: =IF($O$14="UT",$Q$14,IF($R$14="UT",$T$14,IF($U$14="UT",$W$14,IF($X$14="UT",$Z$14,IF($AA$14="UT",$AC$14,IF($AD$14="UT",$AF$14,IF($AG$14="UT",$AI$14,IF($AJ$14="UT",$AL$14,IF($AM$14="UT",$AO$14,IF($AP$14="UT",$AR$14,"")))))))))) | BB14: =IF($O$14="HT",$Q$14,IF($R$14="HT",$T$14,IF($U$14="HT",$W$14,IF($X$14="HT",$Z$14,IF($AA$14="HT",$AC$14,IF($AD$14="HT",$AF$14,IF($AG$14="HT",$AI$14,IF($AJ$14="HT",$AL$14,IF($AM$14="HT",$AO$14,IF($AP$14="HT",$AR$14,"")))))))))) | BC14: =IF($O$14="PURE",$Q$14,IF($R$14="PURE",$T$14,IF($U$14="PURE",$W$14,IF($X$14="PURE",$Z$14,IF($AA$14="PURE",$AC$14,IF($AD$14="PURE",$AF$14,IF($AG$14="PURE",$AI$14,IF($AJ$14="PURE",$AL$14,IF($AM$14="PURE",$AO$14,IF($AP$14="PURE",$AR$14,"")))))))))) | BD14: =IF($P$14="FUM",$Q$14,IF($S$14="FUM",$T$14,IF($V$14="FUM",$W$14,IF($Y$14="FUM",$Z$14,IF($AB$14="FUM",$AC$14,IF($AE$14="FUM",$AF$14,IF($AH$14="FUM",$AI$14,IF($AK$14="FUM",$AL$14,IF($AN$14="FUM",$AO$14,IF($AQ$14="FUM",$AR$14,""))))))))))
H15: =J3 -> 0 | I15: =K3 -> 0 | J15: =L3 -> 0 | K15: =M3 -> 0 | L15: =N3 -> 0 | O15: =J3 -> 0 | P15: =N3 -> 0 | Q15: =O3 -> 0 | R15: =P3 -> 0 | S15: =T3 -> 0 | T15: =U3 -> 0 | U15: =V3 -> 0 | V15: =Z3 -> 0 | W15: =AA3 -> 0 | X15: =AB3 -> 0 | Y15: =AF3 -> 0 | Z15: =AG3 -> 0 | AA15: =AH3 -> 0 | AB15: =AL3 -> 0 | AC15: =AM3 -> 0 | AD15: =AN3 -> 0 | AE15: =AR3 -> 0 | AF15: =AS3 -> 0 | AG15: =AT3 -> 0 | AH15: =AX3 -> 0 | AI15: =AY3 -> 0 | AJ15: =AZ3 -> 0 | AK15: =BD3 -> 0 | AL15: =BE3 -> 0 | AM15: =BF3 -> 0 | AN15: =BJ3 -> 0 | AO15: =BK3 -> 0 | AP15: =BL3 -> 0 | AQ15: =BP3 -> 0 | AR15: =BQ3 -> 0 | AT15: 2 | AU15: =IF($P$15="3L",$Q$15,IF($S$15="3L",$T$15,IF($V$15="3L",$W$15,IF($Y$15="3L",$Z$15,IF($AB$15="3L",$AC$15,IF($AE$15="3L",$AF$15,IF($AH$15="3L",$AI$15,IF($AK$15="3L",$AL$15,IF($AN$15="3L",$AO$15,IF($AQ$15="3L",$AR$15,"")))))))))) | AV15: =IF($P$15="4L",$Q$15,IF($S$15="4L",$T$15,IF($V$15="4L",$W$15,IF($Y$15="4L",$Z$15,IF($AB$15="4L",$AC$15,IF($AE$15="4L",$AF$15,IF($AH$15="4L",$AI$15,IF($AK$15="4L",$AL$15,IF($AN$15="4L",$AO$15,IF($AQ$15="4L",$AR$15,"")))))))))) | AW15: =IF($P$15="5L",$Q$15,IF($S$15="5L",$T$15,IF($V$15="5L",$W$15,IF($Y$15="5L",$Z$15,IF($AB$15="5L",$AC$15,IF($AE$15="5L",$AF$15,IF($AH$15="5L",$AI$15,IF($AK$15="5L",$AL$15,IF($AN$15="5L",$AO$15,IF($AQ$15="5L",$AR$15,"")))))))))) | AX15: =IF($P$15="6L",$Q$15,IF($S$15="6L",$T$15,IF($V$15="6L",$W$15,IF($Y$15="6L",$Z$15,IF($AB$15="6L",$AC$15,IF($AE$15="6L",$AF$15,IF($AH$15="6L",$AI$15,IF($AK$15="6L",$AL$15,IF($AN$15="6L",$AO$15,IF($AQ$15="6L",$AR$15,"")))))))))) | AY15: =IF($P$15="7L",$Q$15,IF($S$15="7L",$T$15,IF($V$15="7L",$W$15,IF($Y$15="7L",$Z$15,IF($AB$15="7L",$AC$15,IF($AE$15="7L",$AF$15,IF($AH$15="7L",$AI$15,IF($AK$15="7L",$AL$15,IF($AN$15="7L",$AO$15,IF($AQ$15="7L",$AR$15,"")))))))))) | AZ15: =IF($O$14="LOFT",$Q$14,IF($R$14="LOFT",$T$14,IF($U$14="LOFT",$W$14,IF($X$14="LOFT",$Z$14,IF($AA$14="LOFT",$AC$14,IF($AD$14="LOFT",$AF$14,IF($AG$14="LOFT",$AI$14,IF($AJ$14="LOFT",$AL$14,IF($AM$14="LOFT",$AO$14,IF($AP$14="LOFT",$AR$14,"")))))))))) | BA15: =IF($O$14="UT",$Q$14,IF($R$14="UT",$T$14,IF($U$14="UT",$W$14,IF($X$14="UT",$Z$14,IF($AA$14="UT",$AC$14,IF($AD$14="UT",$AF$14,IF($AG$14="UT",$AI$14,IF($AJ$14="UT",$AL$14,IF($AM$14="UT",$AO$14,IF($AP$14="UT",$AR$14,"")))))))))) | BB15: =IF($O$14="HT",$Q$14,IF($R$14="HT",$T$14,IF($U$14="HT",$W$14,IF($X$14="HT",$Z$14,IF($AA$14="HT",$AC$14,IF($AD$14="HT",$AF$14,IF($AG$14="HT",$AI$14,IF($AJ$14="HT",$AL$14,IF($AM$14="HT",$AO$14,IF($AP$14="HT",$AR$14,"")))))))))) | BC15: =IF($O$14="PURE",$Q$14,IF($R$14="PURE",$T$14,IF($U$14="PURE",$W$14,IF($X$14="PURE",$Z$14,IF($AA$14="PURE",$AC$14,IF($AD$14="PURE",$AF$14,IF($AG$14="PURE",$AI$14,IF($AJ$14="PURE",$AL$14,IF($AM$14="PURE",$AO$14,IF($AP$14="PURE",$AR$14,"")))))))))) | BD15: =IF($P$15="FUM",$Q$15,IF($S$15="FUM",$T$15,IF($V$15="FUM",$W$15,IF($Y$15="FUM",$Z$15,IF($AB$15="FUM",$AC$15,IF($AE$15="FUM",$AF$15,IF($AH$15="FUM",$AI$15,IF($AK$15="FUM",$AL$15,IF($AN$15="FUM",$AO$15,IF($AQ$15="FUM",$AR$15,""))))))))))
H16: =J4 -> 0 | I16: =K4 -> 0 | J16: =L4 -> 0 | K16: =M4 -> 0 | L16: =N4 -> 0 | O16: =J4 -> 0 | P16: =N4 -> 0 | Q16: =O4 -> 0 | R16: =P4 -> 0 | S16: =T4 -> 0 | T16: =U4 -> 0 | U16: =V4 -> 0 | V16: =Z4 -> 0 | W16: =AA4 -> 0 | X16: =AB4 -> 0 | Y16: =AF4 -> 0 | Z16: =AG4 -> 0 | AA16: =AH4 -> 0 | AB16: =AL4 -> 0 | AC16: =AM4 -> 0 | AD16: =AN4 -> 0 | AE16: =AR4 -> 0 | AF16: =AS4 -> 0 | AG16: =AT4 -> 0 | AH16: =AX4 -> 0 | AI16: =AY4 -> 0 | AJ16: =AZ4 -> 0 | AK16: =BD4 -> 0 | AL16: =BE4 -> 0 | AM16: =BF4 -> 0 | AN16: =BJ4 -> 0 | AO16: =BK4 -> 0 | AP16: =BL4 -> 0 | AQ16: =BP4 -> 0 | AR16: =BQ4 -> 0 | AT16: 3 | AU16: =IF($P$16="3L",$Q$16,IF($S$16="3L",$T$16,IF($V$16="3L",$W$16,IF($Y$16="3L",$Z$16,IF($AB$16="3L",$AC$16,IF($AE$16="3L",$AF$16,IF($AH$16="3L",$AI$16,IF($AK$16="3L",$AL$16,IF($AN$16="3L",$AO$16,IF($AQ$16="3L",$AR$16,"")))))))))) | AV16: =IF($P$16="4L",$Q$16,IF($S$16="4L",$T$16,IF($V$16="4L",$W$16,IF($Y$16="4L",$Z$16,IF($AB$16="4L",$AC$16,IF($AE$16="4L",$AF$16,IF($AH$16="4L",$AI$16,IF($AK$16="4L",$AL$16,IF($AN$16="4L",$AO$16,IF($AQ$16="4L",$AR$16,"")))))))))) | AW16: =IF($P$16="5L",$Q$16,IF($S$16="5L",$T$16,IF($V$16="5L",$W$16,IF($Y$16="5L",$Z$16,IF($AB$16="5L",$AC$16,IF($AE$16="5L",$AF$16,IF($AH$16="5L",$AI$16,IF($AK$16="5L",$AL$16,IF($AN$16="5L",$AO$16,IF($AQ$16="5L",$AR$16,"")))))))))) | AX16: =IF($P$16="6L",$Q$16,IF($S$16="6L",$T$16,IF($V$16="6L",$W$16,IF($Y$16="6L",$Z$16,IF($AB$16="6L",$AC$16,IF($AE$16="6L",$AF$16,IF($AH$16="6L",$AI$16,IF($AK$16="6L",$AL$16,IF($AN$16="6L",$AO$16,IF($AQ$16="6L",$AR$16,"")))))))))) | AY16: =IF($P$16="7L",$Q$16,IF($S$16="7L",$T$16,IF($V$16="7L",$W$16,IF($Y$16="7L",$Z$16,IF($AB$16="7L",$AC$16,IF($AE$16="7L",$AF$16,IF($AH$16="7L",$AI$16,IF($AK$16="7L",$AL$16,IF($AN$16="7L",$AO$16,IF($AQ$16="7L",$AR$16,"")))))))))) | AZ16: =IF($O$14="LOFT",$Q$14,IF($R$14="LOFT",$T$14,IF($U$14="LOFT",$W$14,IF($X$14="LOFT",$Z$14,IF($AA$14="LOFT",$AC$14,IF($AD$14="LOFT",$AF$14,IF($AG$14="LOFT",$AI$14,IF($AJ$14="LOFT",$AL$14,IF($AM$14="LOFT",$AO$14,IF($AP$14="LOFT",$AR$14,"")))))))))) | BA16: =IF($O$14="UT",$Q$14,IF($R$14="UT",$T$14,IF($U$14="UT",$W$14,IF($X$14="UT",$Z$14,IF($AA$14="UT",$AC$14,IF($AD$14="UT",$AF$14,IF($AG$14="UT",$AI$14,IF($AJ$14="UT",$AL$14,IF($AM$14="UT",$AO$14,IF($AP$14="UT",$AR$14,"")))))))))) | BB16: =IF($O$14="HT",$Q$14,IF($R$14="HT",$T$14,IF($U$14="HT",$W$14,IF($X$14="HT",$Z$14,IF($AA$14="HT",$AC$14,IF($AD$14="HT",$AF$14,IF($AG$14="HT",$AI$14,IF($AJ$14="HT",$AL$14,IF($AM$14="HT",$AO$14,IF($AP$14="HT",$AR$14,"")))))))))) | BC16: =IF($O$14="PURE",$Q$14,IF($R$14="PURE",$T$14,IF($U$14="PURE",$W$14,IF($X$14="PURE",$Z$14,IF($AA$14="PURE",$AC$14,IF($AD$14="PURE",$AF$14,IF($AG$14="PURE",$AI$14,IF($AJ$14="PURE",$AL$14,IF($AM$14="PURE",$AO$14,IF($AP$14="PURE",$AR$14,"")))))))))) | BD16: =IF($P$16="FUM",$Q$16,IF($S$16="FUM",$T$16,IF($V$16="FUM",$W$16,IF($Y$16="FUM",$Z$16,IF($AB$16="FUM",$AC$16,IF($AE$16="FUM",$AF$16,IF($AH$16="FUM",$AI$16,IF($AK$16="FUM",$AL$16,IF($AN$16="FUM",$AO$16,IF($AQ$16="FUM",$AR$16,""))))))))))
H17: =J5 -> 0 | I17: =K5 -> 0 | J17: =L5 -> 0 | K17: =M5 -> 0 | L17: =N5 -> 0 | O17: =J5 -> 0 | P17: =N5 -> 0 | Q17: =O5 -> 0 | R17: =P5 -> 0 | S17: =T5 -> 0 | T17: =U5 -> 0 | U17: =V5 -> 0 | V17: =Z5 -> 0 | W17: =AA5 -> 0 | X17: =AB5 -> 0 | Y17: =AF5 -> 0 | Z17: =AG5 -> 0 | AA17: =AH5 -> 0 | AB17: =AL5 -> 0 | AC17: =AM5 -> 0 | AD17: =AN5 -> 0 | AE17: =AR5 -> 0 | AF17: =AS5 -> 0 | AG17: =AT5 -> 0 | AH17: =AX5 -> 0 | AI17: =AY5 -> 0 | AJ17: =AZ5 -> 0 | AK17: =BD5 -> 0 | AL17: =BE5 -> 0 | AM17: =BF5 -> 0 | AN17: =BJ5 -> 0 | AO17: =BK5 -> 0 | AP17: =BL5 -> 0 | AQ17: =BP5 -> 0 | AR17: =BQ5 -> 0 | AT17: 4 | AU17: =IF($P$17="3L",$Q$17,IF($S$17="3L",$T$17,IF($V$17="3L",$W$17,IF($Y$17="3L",$Z$17,IF($AB$17="3L",$AC$17,IF($AE$17="3L",$AF$17,IF($AH$17="3L",$AI$17,IF($AK$17="3L",$AL$17,IF($AN$17="3L",$AO$17,IF($AQ$17="3L",$AR$17,"")))))))))) | AV17: =IF($P$17="4L",$Q$17,IF($S$17="4L",$T$17,IF($V$17="4L",$W$17,IF($Y$17="4L",$Z$17,IF($AB$17="4L",$AC$17,IF($AE$17="4L",$AF$17,IF($AH$17="4L",$AI$17,IF($AK$17="4L",$AL$17,IF($AN$17="4L",$AO$17,IF($AQ$17="4L",$AR$17,"")))))))))) | AW17: =IF($P$17="5L",$Q$17,IF($S$17="5L",$T$17,IF($V$17="5L",$W$17,IF($Y$17="5L",$Z$17,IF($AB$17="5L",$AC$17,IF($AE$17="5L",$AF$17,IF($AH$17="5L",$AI$17,IF($AK$17="5L",$AL$17,IF($AN$17="5L",$AO$17,IF($AQ$17="5L",$AR$17,"")))))))))) | AX17: =IF($P$17="6L",$Q$17,IF($S$17="6L",$T$17,IF($V$17="6L",$W$17,IF($Y$17="6L",$Z$17,IF($AB$17="6L",$AC$17,IF($AE$17="6L",$AF$17,IF($AH$17="6L",$AI$17,IF($AK$17="6L",$AL$17,IF($AN$17="6L",$AO$17,IF($AQ$17="6L",$AR$17,"")))))))))) | AY17: =IF($P$17="7L",$Q$17,IF($S$17="7L",$T$17,IF($V$17="7L",$W$17,IF($Y$17="7L",$Z$17,IF($AB$17="7L",$AC$17,IF($AE$17="7L",$AF$17,IF($AH$17="7L",$AI$17,IF($AK$17="7L",$AL$17,IF($AN$17="7L",$AO$17,IF($AQ$17="7L",$AR$17,"")))))))))) | AZ17: =IF($O$14="LOFT",$Q$14,IF($R$14="LOFT",$T$14,IF($U$14="LOFT",$W$14,IF($X$14="LOFT",$Z$14,IF($AA$14="LOFT",$AC$14,IF($AD$14="LOFT",$AF$14,IF($AG$14="LOFT",$AI$14,IF($AJ$14="LOFT",$AL$14,IF($AM$14="LOFT",$AO$14,IF($AP$14="LOFT",$AR$14,"")))))))))) | BA17: =IF($O$14="UT",$Q$14,IF($R$14="UT",$T$14,IF($U$14="UT",$W$14,IF($X$14="UT",$Z$14,IF($AA$14="UT",$AC$14,IF($AD$14="UT",$AF$14,IF($AG$14="UT",$AI$14,IF($AJ$14="UT",$AL$14,IF($AM$14="UT",$AO$14,IF($AP$14="UT",$AR$14,"")))))))))) | BB17: =IF($O$14="HT",$Q$14,IF($R$14="HT",$T$14,IF($U$14="HT",$W$14,IF($X$14="HT",$Z$14,IF($AA$14="HT",$AC$14,IF($AD$14="HT",$AF$14,IF($AG$14="HT",$AI$14,IF($AJ$14="HT",$AL$14,IF($AM$14="HT",$AO$14,IF($AP$14="HT",$AR$14,"")))))))))) | BC17: =IF($O$14="PURE",$Q$14,IF($R$14="PURE",$T$14,IF($U$14="PURE",$W$14,IF($X$14="PURE",$Z$14,IF($AA$14="PURE",$AC$14,IF($AD$14="PURE",$AF$14,IF($AG$14="PURE",$AI$14,IF($AJ$14="PURE",$AL$14,IF($AM$14="PURE",$AO$14,IF($AP$14="PURE",$AR$14,"")))))))))) | BD17: =IF($P$17="FUM",$Q$17,IF($S$17="FUM",$T$17,IF($V$17="FUM",$W$17,IF($Y$17="FUM",$Z$17,IF($AB$17="FUM",$AC$17,IF($AE$17="FUM",$AF$17,IF($AH$17="FUM",$AI$17,IF($AK$17="FUM",$AL$17,IF($AN$17="FUM",$AO$17,IF($AQ$17="FUM",$AR$17,""))))))))))
H18: =J6 -> 0 | I18: =K6 -> 0 | J18: =L6 -> 0 | K18: =M6 -> 0 | L18: =N6 -> 0 | O18: =J6 -> 0 | P18: =N6 -> 0 | Q18: =O6 -> 0 | R18: =P6 -> 0 | S18: =T6 -> 0 | T18: =U6 -> 0 | U18: =V6 -> 0 | V18: =Z6 -> 0 | W18: =AA6 -> 0 | X18: =AB6 -> 0 | Y18: =AF6 -> 0 | Z18: =AG6 -> 0 | AA18: =AH6 -> 0 | AB18: =AL6 -> 0 | AC18: =AM6 -> 0 | AD18: =AN6 -> 0 | AE18: =AR6 -> 0 | AF18: =AS6 -> 0 | AG18: =AT6 -> 0 | AH18: =AX6 -> 0 | AI18: =AY6 -> 0 | AJ18: =AZ6 -> 0 | AK18: =BD6 -> 0 | AL18: =BE6 -> 0 | AM18: =BF6 -> 0 | AN18: =BJ6 -> 0 | AO18: =BK6 -> 0 | AP18: =BL6 -> 0 | AQ18: =BP6 -> 0 | AR18: =BQ6 -> 0 | AT18: 5 | AU18: =IF($P$18="3L",$Q$18,IF($S$18="3L",$T$18,IF($V$18="3L",$W$18,IF($Y$18="3L",$Z$18,IF($AB$18="3L",$AC$18,IF($AE$18="3L",$AF$18,IF($AH$18="3L",$AI$18,IF($AK$18="3L",$AL$18,IF($AN$18="3L",$AO$18,IF($AQ$18="3L",$AR$18,"")))))))))) | AV18: =IF($P$18="4L",$Q$18,IF($S$18="4L",$T$18,IF($V$18="4L",$W$18,IF($Y$18="4L",$Z$18,IF($AB$18="4L",$AC$18,IF($AE$18="4L",$AF$18,IF($AH$18="4L",$AI$18,IF($AK$18="4L",$AL$18,IF($AN$18="4L",$AO$18,IF($AQ$18="4L",$AR$18,"")))))))))) | AW18: =IF($P$18="5L",$Q$18,IF($S$18="5L",$T$18,IF($V$18="5L",$W$18,IF($Y$18="5L",$Z$18,IF($AB$18="5L",$AC$18,IF($AE$18="5L",$AF$18,IF($AH$18="5L",$AI$18,IF($AK$18="5L",$AL$18,IF($AN$18="5L",$AO$18,IF($AQ$18="5L",$AR$18,"")))))))))) | AX18: =IF($P$18="6L",$Q$18,IF($S$18="6L",$T$18,IF($V$18="6L",$W$18,IF($Y$18="6L",$Z$18,IF($AB$18="6L",$AC$18,IF($AE$18="6L",$AF$18,IF($AH$18="6L",$AI$18,IF($AK$18="6L",$AL$18,IF($AN$18="6L",$AO$18,IF($AQ$18="6L",$AR$18,"")))))))))) | AY18: =IF($P$18="7L",$Q$18,IF($S$18="7L",$T$18,IF($V$18="7L",$W$18,IF($Y$18="7L",$Z$18,IF($AB$18="7L",$AC$18,IF($AE$18="7L",$AF$18,IF($AH$18="7L",$AI$18,IF($AK$18="7L",$AL$18,IF($AN$18="7L",$AO$18,IF($AQ$18="7L",$AR$18,"")))))))))) | AZ18: =IF($O$14="LOFT",$Q$14,IF($R$14="LOFT",$T$14,IF($U$14="LOFT",$W$14,IF($X$14="LOFT",$Z$14,IF($AA$14="LOFT",$AC$14,IF($AD$14="LOFT",$AF$14,IF($AG$14="LOFT",$AI$14,IF($AJ$14="LOFT",$AL$14,IF($AM$14="LOFT",$AO$14,IF($AP$14="LOFT",$AR$14,"")))))))))) | BA18: =IF($O$14="UT",$Q$14,IF($R$14="UT",$T$14,IF($U$14="UT",$W$14,IF($X$14="UT",$Z$14,IF($AA$14="UT",$AC$14,IF($AD$14="UT",$AF$14,IF($AG$14="UT",$AI$14,IF($AJ$14="UT",$AL$14,IF($AM$14="UT",$AO$14,IF($AP$14="UT",$AR$14,"")))))))))) | BB18: =IF($O$14="HT",$Q$14,IF($R$14="HT",$T$14,IF($U$14="HT",$W$14,IF($X$14="HT",$Z$14,IF($AA$14="HT",$AC$14,IF($AD$14="HT",$AF$14,IF($AG$14="HT",$AI$14,IF($AJ$14="HT",$AL$14,IF($AM$14="HT",$AO$14,IF($AP$14="HT",$AR$14,"")))))))))) | BC18: =IF($O$14="PURE",$Q$14,IF($R$14="PURE",$T$14,IF($U$14="PURE",$W$14,IF($X$14="PURE",$Z$14,IF($AA$14="PURE",$AC$14,IF($AD$14="PURE",$AF$14,IF($AG$14="PURE",$AI$14,IF($AJ$14="PURE",$AL$14,IF($AM$14="PURE",$AO$14,IF($AP$14="PURE",$AR$14,"")))))))))) | BD18: =IF($P$18="FUM",$Q$18,IF($S$18="FUM",$T$18,IF($V$18="FUM",$W$18,IF($Y$18="FUM",$Z$18,IF($AB$18="FUM",$AC$18,IF($AE$18="FUM",$AF$18,IF($AH$18="FUM",$AI$18,IF($AK$18="FUM",$AL$18,IF($AN$18="FUM",$AO$18,IF($AQ$18="FUM",$AR$18,""))))))))))
H19: =J7 -> 0 | I19: =K7 -> 0 | J19: =L7 -> 0 | K19: =M7 -> 0 | L19: =N7 -> 0 | O19: =J7 -> 0 | P19: =N7 -> 0 | Q19: =O7 -> 0 | R19: =P7 -> 0 | S19: =T7 -> 0 | T19: =U7 -> 0 | U19: =V7 -> 0 | V19: =Z7 -> 0 | W19: =AA7 -> 0 | X19: =AB7 -> 0 | Y19: =AF7 -> 0 | Z19: =AG7 -> 0 | AA19: =AH7 -> 0 | AB19: =AL7 -> 0 | AC19: =AM7 -> 0 | AD19: =AN7 -> 0 | AE19: =AR7 -> 0 | AF19: =AS7 -> 0 | AG19: =AT7 -> 0 | AH19: =AX7 -> 0 | AI19: =AY7 -> 0 | AJ19: =AZ7 -> 0 | AK19: =BD7 -> 0 | AL19: =BE7 -> 0 | AM19: =BF7 -> 0 | AN19: =BJ7 -> 0 | AO19: =BK7 -> 0 | AP19: =BL7 -> 0 | AQ19: =BP7 -> 0 | AR19: =BQ7 -> 0 | AT19: 6 | AU19: =IF($P$19="3L",$Q$19,IF($S$19="3L",$T$19,IF($V$19="3L",$W$19,IF($Y$19="3L",$Z$19,IF($AB$19="3L",$AC$19,IF($AE$19="3L",$AF$19,IF($AH$19="3L",$AI$19,IF($AK$19="3L",$AL$19,IF($AN$19="3L",$AO$19,IF($AQ$19="3L",$AR$19,"")))))))))) | AV19: =IF($P$19="4L",$Q$19,IF($S$19="4L",$T$19,IF($V$19="4L",$W$19,IF($Y$19="4L",$Z$19,IF($AB$19="4L",$AC$19,IF($AE$19="4L",$AF$19,IF($AH$19="4L",$AI$19,IF($AK$19="4L",$AL$19,IF($AN$19="4L",$AO$19,IF($AQ$19="4L",$AR$19,"")))))))))) | AW19: =IF($P$19="5L",$Q$19,IF($S$19="5L",$T$19,IF($V$19="5L",$W$19,IF($Y$19="5L",$Z$19,IF($AB$19="5L",$AC$19,IF($AE$19="5L",$AF$19,IF($AH$19="5L",$AI$19,IF($AK$19="5L",$AL$19,IF($AN$19="5L",$AO$19,IF($AQ$19="5L",$AR$19,"")))))))))) | AX19: =IF($P$19="6L",$Q$19,IF($S$19="6L",$T$19,IF($V$19="6L",$W$19,IF($Y$19="6L",$Z$19,IF($AB$19="6L",$AC$19,IF($AE$19="6L",$AF$19,IF($AH$19="6L",$AI$19,IF($AK$19="6L",$AL$19,IF($AN$19="6L",$AO$19,IF($AQ$19="6L",$AR$19,"")))))))))) | AY19: =IF($P$19="7L",$Q$19,IF($S$19="7L",$T$19,IF($V$19="7L",$W$19,IF($Y$19="7L",$Z$19,IF($AB$19="7L",$AC$19,IF($AE$19="7L",$AF$19,IF($AH$19="7L",$AI$19,IF($AK$19="7L",$AL$19,IF($AN$19="7L",$AO$19,IF($AQ$19="7L",$AR$19,"")))))))))) | AZ19: =IF($O$14="LOFT",$Q$14,IF($R$14="LOFT",$T$14,IF($U$14="LOFT",$W$14,IF($X$14="LOFT",$Z$14,IF($AA$14="LOFT",$AC$14,IF($AD$14="LOFT",$AF$14,IF($AG$14="LOFT",$AI$14,IF($AJ$14="LOFT",$AL$14,IF($AM$14="LOFT",$AO$14,IF($AP$14="LOFT",$AR$14,"")))))))))) | BA19: =IF($O$14="UT",$Q$14,IF($R$14="UT",$T$14,IF($U$14="UT",$W$14,IF($X$14="UT",$Z$14,IF($AA$14="UT",$AC$14,IF($AD$14="UT",$AF$14,IF($AG$14="UT",$AI$14,IF($AJ$14="UT",$AL$14,IF($AM$14="UT",$AO$14,IF($AP$14="UT",$AR$14,"")))))))))) | BB19: =IF($O$14="HT",$Q$14,IF($R$14="HT",$T$14,IF($U$14="HT",$W$14,IF($X$14="HT",$Z$14,IF($AA$14="HT",$AC$14,IF($AD$14="HT",$AF$14,IF($AG$14="HT",$AI$14,IF($AJ$14="HT",$AL$14,IF($AM$14="HT",$AO$14,IF($AP$14="HT",$AR$14,"")))))))))) | BC19: =IF($O$14="PURE",$Q$14,IF($R$14="PURE",$T$14,IF($U$14="PURE",$W$14,IF($X$14="PURE",$Z$14,IF($AA$14="PURE",$AC$14,IF($AD$14="PURE",$AF$14,IF($AG$14="PURE",$AI$14,IF($AJ$14="PURE",$AL$14,IF($AM$14="PURE",$AO$14,IF($AP$14="PURE",$AR$14,"")))))))))) | BD19: =IF($P$19="FUM",$Q$19,IF($S$19="FUM",$T$19,IF($V$19="FUM",$W$19,IF($Y$19="FUM",$Z$19,IF($AB$19="FUM",$AC$19,IF($AE$19="FUM",$AF$19,IF($AH$19="FUM",$AI$19,IF($AK$19="FUM",$AL$19,IF($AN$19="FUM",$AO$19,IF($AQ$19="FUM",$AR$19,""))))))))))
H20: =J8 -> 0 | I20: =K8 -> 0 | J20: =L8 -> 0 | K20: =M8 -> 0 | L20: =N8 -> 0 | O20: =J8 -> 0 | P20: =N8 -> 0 | Q20: =O8 -> 0 | R20: =P8 -> 0 | S20: =T8 -> 0 | T20: =U8 -> 0 | U20: =V8 -> 0 | V20: =Z8 -> 0 | W20: =AA8 -> 0 | X20: =AB8 -> 0 | Y20: =AF8 -> 0 | Z20: =AG8 -> 0 | AA20: =AH8 -> 0 | AB20: =AL8 -> 0 | AC20: =AM8 -> 0 | AD20: =AN8 -> 0 | AE20: =AR8 -> 0 | AF20: =AS8 -> 0 | AG20: =AT8 -> 0 | AH20: =AX8 -> 0 | AI20: =AY8 -> 0 | AJ20: =AZ8 -> 0 | AK20: =BD8 -> 0 | AL20: =BE8 -> 0 | AM20: =BF8 -> 0 | AN20: =BJ8 -> 0 | AO20: =BK8 -> 0 | AP20: =BL8 -> 0 | AQ20: =BP8 -> 0 | AR20: =BQ8 -> 0 | AT20: 7 | AU20: =IF($P$20="3L",$Q$20,IF($S$20="3L",$T$20,IF($V$20="3L",$W$20,IF($Y$20="3L",$Z$20,IF($AB$20="3L",$AC$20,IF($AE$20="3L",$AF$20,IF($AH$20="3L",$AI$20,IF($AK$20="3L",$AL$20,IF($AN$20="3L",$AO$20,IF($AQ$20="3L",$AR$20,"")))))))))) | AV20: =IF($P$20="4L",$Q$20,IF($S$20="4L",$T$20,IF($V$20="4L",$W$20,IF($Y$20="4L",$Z$20,IF($AB$20="4L",$AC$20,IF($AE$20="4L",$AF$20,IF($AH$20="4L",$AI$20,IF($AK$20="4L",$AL$20,IF($AN$20="4L",$AO$20,IF($AQ$20="4L",$AR$20,"")))))))))) | AW20: =IF($P$20="5L",$Q$20,IF($S$20="5L",$T$20,IF($V$20="5L",$W$20,IF($Y$20="5L",$Z$20,IF($AB$20="5L",$AC$20,IF($AE$20="5L",$AF$20,IF($AH$20="5L",$AI$20,IF($AK$20="5L",$AL$20,IF($AN$20="5L",$AO$20,IF($AQ$20="5L",$AR$20,"")))))))))) | AX20: =IF($P$20="6L",$Q$20,IF($S$20="6L",$T$20,IF($V$20="6L",$W$20,IF($Y$20="6L",$Z$20,IF($AB$20="6L",$AC$20,IF($AE$20="6L",$AF$20,IF($AH$20="6L",$AI$20,IF($AK$20="6L",$AL$20,IF($AN$20="6L",$AO$20,IF($AQ$20="6L",$AR$20,"")))))))))) | AY20: =IF($P$20="7L",$Q$20,IF($S$20="7L",$T$20,IF($V$20="7L",$W$20,IF($Y$20="7L",$Z$20,IF($AB$20="7L",$AC$20,IF($AE$20="7L",$AF$20,IF($AH$20="7L",$AI$20,IF($AK$20="7L",$AL$20,IF($AN$20="7L",$AO$20,IF($AQ$20="7L",$AR$20,"")))))))))) | AZ20: =IF($O$14="LOFT",$Q$14,IF($R$14="LOFT",$T$14,IF($U$14="LOFT",$W$14,IF($X$14="LOFT",$Z$14,IF($AA$14="LOFT",$AC$14,IF($AD$14="LOFT",$AF$14,IF($AG$14="LOFT",$AI$14,IF($AJ$14="LOFT",$AL$14,IF($AM$14="LOFT",$AO$14,IF($AP$14="LOFT",$AR$14,"")))))))))) | BA20: =IF($O$14="UT",$Q$14,IF($R$14="UT",$T$14,IF($U$14="UT",$W$14,IF($X$14="UT",$Z$14,IF($AA$14="UT",$AC$14,IF($AD$14="UT",$AF$14,IF($AG$14="UT",$AI$14,IF($AJ$14="UT",$AL$14,IF($AM$14="UT",$AO$14,IF($AP$14="UT",$AR$14,"")))))))))) | BB20: =IF($O$14="HT",$Q$14,IF($R$14="HT",$T$14,IF($U$14="HT",$W$14,IF($X$14="HT",$Z$14,IF($AA$14="HT",$AC$14,IF($AD$14="HT",$AF$14,IF($AG$14="HT",$AI$14,IF($AJ$14="HT",$AL$14,IF($AM$14="HT",$AO$14,IF($AP$14="HT",$AR$14,"")))))))))) | BC20: =IF($O$14="PURE",$Q$14,IF($R$14="PURE",$T$14,IF($U$14="PURE",$W$14,IF($X$14="PURE",$Z$14,IF($AA$14="PURE",$AC$14,IF($AD$14="PURE",$AF$14,IF($AG$14="PURE",$AI$14,IF($AJ$14="PURE",$AL$14,IF($AM$14="PURE",$AO$14,IF($AP$14="PURE",$AR$14,"")))))))))) | BD20: =IF($P$20="FUM",$Q$20,IF($S$20="FUM",$T$20,IF($V$20="FUM",$W$20,IF($Y$20="FUM",$Z$20,IF($AB$20="FUM",$AC$20,IF($AE$20="FUM",$AF$20,IF($AH$20="FUM",$AI$20,IF($AK$20="FUM",$AL$20,IF($AN$20="FUM",$AO$20,IF($AQ$20="FUM",$AR$20,""))))))))))
H21: =J9 -> 0 | I21: =K9 -> 0 | J21: =L9 -> 0 | K21: =M9 -> 0 | L21: =N9 -> 0 | O21: =J9 -> 0 | P21: =N9 -> 0 | Q21: =O9 -> 0 | R21: =P9 -> 0 | S21: =T9 -> 0 | T21: =U9 -> 0 | U21: =V9 -> 0 | V21: =Z9 -> 0 | W21: =AA9 -> 0 | X21: =AB9 -> 0 | Y21: =AF9 -> 0 | Z21: =AG9 -> 0 | AA21: =AH9 -> 0 | AB21: =AL9 -> 0 | AC21: =AM9 -> 0 | AD21: =AN9 -> 0 | AE21: =AR9 -> 0 | AF21: =AS9 -> 0 | AG21: =AT9 -> 0 | AH21: =AX9 -> 0 | AI21: =AY9 -> 0 | AJ21: =AZ9 -> 0 | AK21: =BD9 -> 0 | AL21: =BE9 -> 0 | AM21: =BF9 -> 0 | AN21: =BJ9 -> 0 | AO21: =BK9 -> 0 | AP21: =BL9 -> 0 | AQ21: =BP9 -> 0 | AR21: =BQ9 -> 0 | AT21: 8 | AU21: =IF($P$21="3L",$Q$21,IF($S$21="3L",$T$21,IF($V$21="3L",$W$21,IF($Y$21="3L",$Z$21,IF($AB$21="3L",$AC$21,IF($AE$21="3L",$AF$21,IF($AH$21="3L",$AI$21,IF($AK$21="3L",$AL$21,IF($AN$21="3L",$AO$21,IF($AQ$21="3L",$AR$21,"")))))))))) | AV21: =IF($P$21="4L",$Q$21,IF($S$21="4L",$T$21,IF($V$21="4L",$W$21,IF($Y$21="4L",$Z$21,IF($AB$21="4L",$AC$21,IF($AE$21="4L",$AF$21,IF($AH$21="4L",$AI$21,IF($AK$21="4L",$AL$21,IF($AN$21="4L",$AO$21,IF($AQ$21="4L",$AR$21,"")))))))))) | AW21: =IF($P$21="5L",$Q$21,IF($S$21="5L",$T$21,IF($V$21="5L",$W$21,IF($Y$21="5L",$Z$21,IF($AB$21="5L",$AC$21,IF($AE$21="5L",$AF$21,IF($AH$21="5L",$AI$21,IF($AK$21="5L",$AL$21,IF($AN$21="5L",$AO$21,IF($AQ$21="5L",$AR$21,"")))))))))) | AX21: =IF($P$21="6L",$Q$21,IF($S$21="6L",$T$21,IF($V$21="6L",$W$21,IF($Y$21="6L",$Z$21,IF($AB$21="6L",$AC$21,IF($AE$21="6L",$AF$21,IF($AH$21="6L",$AI$21,IF($AK$21="6L",$AL$21,IF($AN$21="6L",$AO$21,IF($AQ$21="6L",$AR$21,"")))))))))) | AY21: =IF($P$21="7L",$Q$21,IF($S$21="7L",$T$21,IF($V$21="7L",$W$21,IF($Y$21="7L",$Z$21,IF($AB$21="7L",$AC$21,IF($AE$21="7L",$AF$21,IF($AH$21="7L",$AI$21,IF($AK$21="7L",$AL$21,IF($AN$21="7L",$AO$21,IF($AQ$21="7L",$AR$21,"")))))))))) | AZ21: =IF($O$14="LOFT",$Q$14,IF($R$14="LOFT",$T$14,IF($U$14="LOFT",$W$14,IF($X$14="LOFT",$Z$14,IF($AA$14="LOFT",$AC$14,IF($AD$14="LOFT",$AF$14,IF($AG$14="LOFT",$AI$14,IF($AJ$14="LOFT",$AL$14,IF($AM$14="LOFT",$AO$14,IF($AP$14="LOFT",$AR$14,"")))))))))) | BA21: =IF($O$14="UT",$Q$14,IF($R$14="UT",$T$14,IF($U$14="UT",$W$14,IF($X$14="UT",$Z$14,IF($AA$14="UT",$AC$14,IF($AD$14="UT",$AF$14,IF($AG$14="UT",$AI$14,IF($AJ$14="UT",$AL$14,IF($AM$14="UT",$AO$14,IF($AP$14="UT",$AR$14,"")))))))))) | BB21: =IF($O$14="HT",$Q$14,IF($R$14="HT",$T$14,IF($U$14="HT",$W$14,IF($X$14="HT",$Z$14,IF($AA$14="HT",$AC$14,IF($AD$14="HT",$AF$14,IF($AG$14="HT",$AI$14,IF($AJ$14="HT",$AL$14,IF($AM$14="HT",$AO$14,IF($AP$14="HT",$AR$14,"")))))))))) | BC21: =IF($O$14="PURE",$Q$14,IF($R$14="PURE",$T$14,IF($U$14="PURE",$W$14,IF($X$14="PURE",$Z$14,IF($AA$14="PURE",$AC$14,IF($AD$14="PURE",$AF$14,IF($AG$14="PURE",$AI$14,IF($AJ$14="PURE",$AL$14,IF($AM$14="PURE",$AO$14,IF($AP$14="PURE",$AR$14,"")))))))))) | BD21: =IF($P$21="FUM",$Q$21,IF($S$21="FUM",$T$21,IF($V$21="FUM",$W$21,IF($Y$21="FUM",$Z$21,IF($AB$21="FUM",$AC$21,IF($AE$21="FUM",$AF$21,IF($AH$21="FUM",$AI$21,IF($AK$21="FUM",$AL$21,IF($AN$21="FUM",$AO$21,IF($AQ$21="FUM",$AR$21,""))))))))))
H22: =J10 -> 0 | I22: =K10 -> 0 | J22: =L10 -> 0 | K22: =M10 -> 0 | L22: =N10 -> 0 | O22: =J10 -> 0 | P22: =N10 -> 0 | Q22: =O10 -> 0 | R22: =P10 -> 0 | S22: =T10 -> 0 | T22: =U10 -> 0 | U22: =V10 -> 0 | V22: =Z10 -> 0 | W22: =AA10 -> 0 | X22: =AB10 -> 0 | Y22: =AF10 -> 0 | Z22: =AG10 -> 0 | AA22: =AH10 -> 0 | AB22: =AL10 -> 0 | AC22: =AM10 -> 0 | AD22: =AN10 -> 0 | AE22: =AR10 -> 0 | AF22: =AS10 -> 0 | AG22: =AT10 -> 0 | AH22: =AX10 -> 0 | AI22: =AY10 -> 0 | AJ22: =AZ10 -> 0 | AK22: =BD10 -> 0 | AL22: =BE10 -> 0 | AM22: =BF10 -> 0 | AN22: =BJ10 -> 0 | AO22: =BK10 -> 0 | AP22: =BL10 -> 0 | AQ22: =BP10 -> 0 | AR22: =BQ10 -> 0 | AT22: 9 | AU22: =IF($P$22="3L",$Q$22,IF($S$22="3L",$T$22,IF($V$22="3L",$W$22,IF($Y$22="3L",$Z$22,IF($AB$22="3L",$AC$22,IF($AE$22="3L",$AF$22,IF($AH$22="3L",$AI$22,IF($AK$22="3L",$AL$22,IF($AN$22="3L",$AO$22,IF($AQ$22="3L",$AR$22,"")))))))))) | AV22: =IF($P$22="4L",$Q$22,IF($S$22="4L",$T$22,IF($V$22="4L",$W$22,IF($Y$22="4L",$Z$22,IF($AB$22="4L",$AC$22,IF($AE$22="4L",$AF$22,IF($AH$22="4L",$AI$22,IF($AK$22="4L",$AL$22,IF($AN$22="4L",$AO$22,IF($AQ$22="4L",$AR$22,"")))))))))) | AW22: =IF($P$22="5L",$Q$22,IF($S$22="5L",$T$22,IF($V$22="5L",$W$22,IF($Y$22="5L",$Z$22,IF($AB$22="5L",$AC$22,IF($AE$22="5L",$AF$22,IF($AH$22="5L",$AI$22,IF($AK$22="5L",$AL$22,IF($AN$22="5L",$AO$22,IF($AQ$22="5L",$AR$22,"")))))))))) | AX22: =IF($P$22="6L",$Q$22,IF($S$22="6L",$T$22,IF($V$22="6L",$W$22,IF($Y$22="6L",$Z$22,IF($AB$22="6L",$AC$22,IF($AE$22="6L",$AF$22,IF($AH$22="6L",$AI$22,IF($AK$22="6L",$AL$22,IF($AN$22="6L",$AO$22,IF($AQ$22="6L",$AR$22,"")))))))))) | AY22: =IF($P$22="7L",$Q$22,IF($S$22="7L",$T$22,IF($V$22="7L",$W$22,IF($Y$22="7L",$Z$22,IF($AB$22="7L",$AC$22,IF($AE$22="7L",$AF$22,IF($AH$22="7L",$AI$22,IF($AK$22="7L",$AL$22,IF($AN$22="7L",$AO$22,IF($AQ$22="7L",$AR$22,"")))))))))) | AZ22: =IF($O$14="LOFT",$Q$14,IF($R$14="LOFT",$T$14,IF($U$14="LOFT",$W$14,IF($X$14="LOFT",$Z$14,IF($AA$14="LOFT",$AC$14,IF($AD$14="LOFT",$AF$14,IF($AG$14="LOFT",$AI$14,IF($AJ$14="LOFT",$AL$14,IF($AM$14="LOFT",$AO$14,IF($AP$14="LOFT",$AR$14,"")))))))))) | BA22: =IF($O$14="UT",$Q$14,IF($R$14="UT",$T$14,IF($U$14="UT",$W$14,IF($X$14="UT",$Z$14,IF($AA$14="UT",$AC$14,IF($AD$14="UT",$AF$14,IF($AG$14="UT",$AI$14,IF($AJ$14="UT",$AL$14,IF($AM$14="UT",$AO$14,IF($AP$14="UT",$AR$14,"")))))))))) | BB22: =IF($O$14="HT",$Q$14,IF($R$14="HT",$T$14,IF($U$14="HT",$W$14,IF($X$14="HT",$Z$14,IF($AA$14="HT",$AC$14,IF($AD$14="HT",$AF$14,IF($AG$14="HT",$AI$14,IF($AJ$14="HT",$AL$14,IF($AM$14="HT",$AO$14,IF($AP$14="HT",$AR$14,"")))))))))) | BC22: =IF($O$14="PURE",$Q$14,IF($R$14="PURE",$T$14,IF($U$14="PURE",$W$14,IF($X$14="PURE",$Z$14,IF($AA$14="PURE",$AC$14,IF($AD$14="PURE",$AF$14,IF($AG$14="PURE",$AI$14,IF($AJ$14="PURE",$AL$14,IF($AM$14="PURE",$AO$14,IF($AP$14="PURE",$AR$14,"")))))))))) | BD22: =IF($P$22="FUM",$Q$22,IF($S$22="FUM",$T$22,IF($V$22="FUM",$W$22,IF($Y$22="FUM",$Z$22,IF($AB$22="FUM",$AC$22,IF($AE$22="FUM",$AF$22,IF($AH$22="FUM",$AI$22,IF($AK$22="FUM",$AL$22,IF($AN$22="FUM",$AO$22,IF($AQ$22="FUM",$AR$22,""))))))))))
H23: =J11 -> 0 | I23: =K11 -> 0 | J23: =L11 -> 0 | K23: =M11 -> 0 | L23: =N11 -> 0 | O23: =J11 -> 0 | P23: =N11 -> 0 | Q23: =O11 -> 0 | R23: =P11 -> 0 | S23: =T11 -> 0 | T23: =U11 -> 0 | U23: =V11 -> 0 | V23: =Z11 -> 0 | W23: =AA11 -> 0 | X23: =AB11 -> 0 | Y23: =AF11 -> 0 | Z23: =AG11 -> 0 | AA23: =AH11 -> 0 | AB23: =AL11 -> 0 | AC23: =AM11 -> 0 | AD23: =AN11 -> 0 | AE23: =AR11 -> 0 | AF23: =AS11 -> 0 | AG23: =AT11 -> 0 | AH23: =AX11 -> 0 | AI23: =AY11 -> 0 | AJ23: =AZ11 -> 0 | AK23: =BD11 -> 0 | AL23: =BE11 -> 0 | AM23: =BF11 -> 0 | AN23: =BJ11 -> 0 | AO23: =BK11 -> 0 | AP23: =BL11 -> 0 | AQ23: =BP11 -> 0 | AR23: =BQ11 -> 0 | AT23: 10 | AU23: =IF($P$23="3L",$Q$23,IF($S$23="3L",$T$23,IF($V$23="3L",$W$23,IF($Y$23="3L",$Z$23,IF($AB$23="3L",$AC$23,IF($AE$23="3L",$AF$23,IF($AH$23="3L",$AI$23,IF($AK$23="3L",$AL$23,IF($AN$23="3L",$AO$23,IF($AQ$23="3L",$AR$23,"")))))))))) | AV23: =IF($P$23="4L",$Q$23,IF($S$23="4L",$T$23,IF($V$23="4L",$W$23,IF($Y$23="4L",$Z$23,IF($AB$23="4L",$AC$23,IF($AE$23="4L",$AF$23,IF($AH$23="4L",$AI$23,IF($AK$23="4L",$AL$23,IF($AN$23="4L",$AO$23,IF($AQ$23="4L",$AR$23,"")))))))))) | AW23: =IF($P$23="5L",$Q$23,IF($S$23="5L",$T$23,IF($V$23="5L",$W$23,IF($Y$23="5L",$Z$23,IF($AB$23="5L",$AC$23,IF($AE$23="5L",$AF$23,IF($AH$23="5L",$AI$23,IF($AK$23="5L",$AL$23,IF($AN$23="5L",$AO$23,IF($AQ$23="5L",$AR$23,"")))))))))) | AX23: =IF($P$23="6L",$Q$23,IF($S$23="6L",$T$23,IF($V$23="6L",$W$23,IF($Y$23="6L",$Z$23,IF($AB$23="6L",$AC$23,IF($AE$23="6L",$AF$23,IF($AH$23="6L",$AI$23,IF($AK$23="6L",$AL$23,IF($AN$23="6L",$AO$23,IF($AQ$23="6L",$AR$23,"")))))))))) | AY23: =IF($P$23="7L",$Q$23,IF($S$23="7L",$T$23,IF($V$23="7L",$W$23,IF($Y$23="7L",$Z$23,IF($AB$23="7L",$AC$23,IF($AE$23="7L",$AF$23,IF($AH$23="7L",$AI$23,IF($AK$23="7L",$AL$23,IF($AN$23="7L",$AO$23,IF($AQ$23="7L",$AR$23,"")))))))))) | AZ23: =IF($O$14="LOFT",$Q$14,IF($R$14="LOFT",$T$14,IF($U$14="LOFT",$W$14,IF($X$14="LOFT",$Z$14,IF($AA$14="LOFT",$AC$14,IF($AD$14="LOFT",$AF$14,IF($AG$14="LOFT",$AI$14,IF($AJ$14="LOFT",$AL$14,IF($AM$14="LOFT",$AO$14,IF($AP$14="LOFT",$AR$14,"")))))))))) | BA23: =IF($O$14="UT",$Q$14,IF($R$14="UT",$T$14,IF($U$14="UT",$W$14,IF($X$14="UT",$Z$14,IF($AA$14="UT",$AC$14,IF($AD$14="UT",$AF$14,IF($AG$14="UT",$AI$14,IF($AJ$14="UT",$AL$14,IF($AM$14="UT",$AO$14,IF($AP$14="UT",$AR$14,"")))))))))) | BB23: =IF($O$14="HT",$Q$14,IF($R$14="HT",$T$14,IF($U$14="HT",$W$14,IF($X$14="HT",$Z$14,IF($AA$14="HT",$AC$14,IF($AD$14="HT",$AF$14,IF($AG$14="HT",$AI$14,IF($AJ$14="HT",$AL$14,IF($AM$14="HT",$AO$14,IF($AP$14="HT",$AR$14,"")))))))))) | BC23: =IF($O$14="PURE",$Q$14,IF($R$14="PURE",$T$14,IF($U$14="PURE",$W$14,IF($X$14="PURE",$Z$14,IF($AA$14="PURE",$AC$14,IF($AD$14="PURE",$AF$14,IF($AG$14="PURE",$AI$14,IF($AJ$14="PURE",$AL$14,IF($AM$14="PURE",$AO$14,IF($AP$14="PURE",$AR$14,"")))))))))) | BD23: =IF($P$23="FUM",$Q$23,IF($S$23="FUM",$T$23,IF($V$23="FUM",$W$23,IF($Y$23="FUM",$Z$23,IF($AB$23="FUM",$AC$23,IF($AE$23="FUM",$AF$23,IF($AH$23="FUM",$AI$23,IF($AK$23="FUM",$AL$23,IF($AN$23="FUM",$AO$23,IF($AQ$23="FUM",$AR$23,""))))))))))
H24: =P2 -> AG | I24: =Q2 -> 1000 | J24: =R2 -> 10 | K24: =S2 -> Y | L24: =T2 -> 3L
H25: =P3 -> 0 | I25: =Q3 -> 0 | J25: =R3 -> 0 | K25: =S3 -> 0 | L25: =T3 -> 0
H26: =P4 -> 0 | I26: =Q4 -> 0 | J26: =R4 -> 0 | K26: =S4 -> 0 | L26: =T4 -> 0
H27: =P5 -> 0 | I27: =Q5 -> 0 | J27: =R5 -> 0 | K27: =S5 -> 0 | L27: =T5 -> 0
H28: =P6 -> 0 | I28: =Q6 -> 0 | J28: =R6 -> 0 | K28: =S6 -> 0 | L28: =T6 -> 0
H29: =P7 -> 0 | I29: =Q7 -> 0 | J29: =R7 -> 0 | K29: =S7 -> 0 | L29: =T7 -> 0
H30: =P8 -> 0 | I30: =Q8 -> 0 | J30: =R8 -> 0 | K30: =S8 -> 0 | L30: =T8 -> 0
H31: =P9 -> 0 | I31: =Q9 -> 0 | J31: =R9 -> 0 | K31: =S9 -> 0 | L31: =T9 -> 0
H32: =P10 -> 0 | I32: =Q10 -> 0 | J32: =R10 -> 0 | K32: =S10 -> 0 | L32: =T10 -> 0
H33: =P11 -> 0 | I33: =Q11 -> 0 | J33: =R11 -> 0 | K33: =S11 -> 0 | L33: =T11 -> 0
H34: =V2 -> AG | I34: =W2 -> 750 | J34: =X2 -> 10 | K34: =Y2 -> Y | L34: =Z2 -> 3L
H35: =V3 -> 0 | I35: =W3 -> 0 | J35: =X3 -> 0 | K35: =Y3 -> 0 | L35: =Z3 -> 0
H36: =V4 -> 0 | I36: =W4 -> 0 | J36: =X4 -> 0 | K36: =Y4 -> 0 | L36: =Z4 -> 0
H37: =V5 -> 0 | I37: =W5 -> 0 | J37: =X5 -> 0 | K37: =Y5 -> 0 | L37: =Z5 -> 0
H38: =V6 -> 0 | I38: =W6 -> 0 | J38: =X6 -> 0 | K38: =Y6 -> 0 | L38: =Z6 -> 0
H39: =V7 -> 0 | I39: =W7 -> 0 | J39: =X7 -> 0 | K39: =Y7 -> 0 | L39: =Z7 -> 0
H40: =V8 -> 0 | I40: =W8 -> 0 | J40: =X8 -> 0 | K40: =Y8 -> 0 | L40: =Z8 -> 0
H41: =V9 -> 0 | I41: =W9 -> 0 | J41: =X9 -> 0 | K41: =Y9 -> 0 | L41: =Z9 -> 0
H42: =V10 -> 0 | I42: =W10 -> 0 | J42: =X10 -> 0 | K42: =Y10 -> 0 | L42: =Z10 -> 0
H43: =V11 -> 0 | I43: =W11 -> 0 | J43: =X11 -> 0 | K43: =Y11 -> 0 | L43: =Z11 -> 0
H44: =AB2 -> AG | I44: =AC2 -> 500 | J44: =AD2 -> 20 | K44: =AE2 -> Y | L44: =AF2 -> 3L
H45: =AB3 -> 0 | I45: =AC3 -> 0 | J45: =AD3 -> 0 | K45: =AE3 -> 0 | L45: =AF3 -> 0
H46: =AB4 -> 0 | I46: =AC4 -> 0 | J46: =AD4 -> 0 | K46: =AE4 -> 0 | L46: =AF4 -> 0
H47: =AB5 -> 0 | I47: =AC5 -> 0 | J47: =AD5 -> 0 | K47: =AE5 -> 0 | L47: =AF5 -> 0
H48: =AB6 -> 0 | I48: =AC6 -> 0 | J48: =AD6 -> 0 | K48: =AE6 -> 0 | L48: =AF6 -> 0
H49: =AB7 -> 0 | I49: =AC7 -> 0 | J49: =AD7 -> 0 | K49: =AE7 -> 0 | L49: =AF7 -> 0
H50: =AB8 -> 0 | I50: =AC8 -> 0 | J50: =AD8 -> 0 | K50: =AE8 -> 0 | L50: =AF8 -> 0
H51: =AB9 -> 0 | I51: =AC9 -> 0 | J51: =AD9 -> 0 | K51: =AE9 -> 0 | L51: =AF9 -> 0
H52: =AB10 -> 0 | I52: =AC10 -> 0 | J52: =AD10 -> 0 | K52: =AE10 -> 0 | L52: =AF10 -> 0
H53: =AB11 -> 0 | I53: =AC11 -> 0 | J53: =AD11 -> 0 | K53: =AE11 -> 0 | L53: =AF11 -> 0
H54: =AH2 -> 0 | I54: =AI2 -> 0 | J54: =AJ2 -> 0 | K54: =AK2 -> 0 | L54: =AL2 -> 0
H55: =AH3 -> 0 | I55: =AI3 -> 0 | J55: =AJ3 -> 0 | K55: =AK3 -> 0 | L55: =AL3 -> 0
H56: =AH4 -> 0 | I56: =AI4 -> 0 | J56: =AJ4 -> 0 | K56: =AK4 -> 0 | L56: =AL4 -> 0
H57: =AH5 -> 0 | I57: =AI5 -> 0 | J57: =AJ5 -> 0 | K57: =AK5 -> 0 | L57: =AL5 -> 0
H58: =AH6 -> 0 | I58: =AI6 -> 0 | J58: =AJ6 -> 0 | K58: =AK6 -> 0 | L58: =AL6 -> 0
H59: =AH7 -> 0 | I59: =AI7 -> 0 | J59: =AJ7 -> 0 | K59: =AK7 -> 0 | L59: =AL7 -> 0
H60: =AH8 -> 0 | I60: =AI8 -> 0 | J60: =AJ8 -> 0 | K60: =AK8 -> 0 | L60: =AL8 -> 0
H61: =AH9 -> 0 | I61: =AI9 -> 0 | J61: =AJ9 -> 0 | K61: =AK9 -> 0 | L61: =AL9 -> 0
H62: =AH10 -> 0 | I62: =AI10 -> 0 | J62: =AJ10 -> 0 | K62: =AK10 -> 0 | L62: =AL10 -> 0
H63: =AH11 -> 0 | I63: =AI11 -> 0 | J63: =AJ11 -> 0 | K63: =AK11 -> 0 | L63: =AL11 -> 0
H64: =AN2 -> 0 | I64: =AO2 -> 0 | J64: =AP2 -> 0 | K64: =AQ2 -> 0 | L64: =AR2 -> 0
H65: =AN3 -> 0 | I65: =AO3 -> 0 | J65: =AP3 -> 0 | K65: =AQ3 -> 0 | L65: =AR3 -> 0
H66: =AN4 -> 0 | I66: =AO4 -> 0 | J66: =AP4 -> 0 | K66: =AQ4 -> 0 | L66: =AR4 -> 0
H67: =AN5 -> 0 | I67: =AO5 -> 0 | J67: =AP5 -> 0 | K67: =AQ5 -> 0 | L67: =AR5 -> 0
H68: =AN6 -> 0 | I68: =AO6 -> 0 | J68: =AP6 -> 0 | K68: =AQ6 -> 0 | L68: =AR6 -> 0
H69: =AN7 -> 0 | I69: =AO7 -> 0 | J69: =AP7 -> 0 | K69: =AQ7 -> 0 | L69: =AR7 -> 0
H70: =AN8 -> 0 | I70: =AO8 -> 0 | J70: =AP8 -> 0 | K70: =AQ8 -> 0 | L70: =AR8 -> 0
H71: =AN9 -> 0 | I71: =AO9 -> 0 | J71: =AP9 -> 0 | K71: =AQ9 -> 0 | L71: =AR9 -> 0
H72: =AN10 -> 0 | I72: =AO10 -> 0 | J72: =AP10 -> 0 | K72: =AQ10 -> 0 | L72: =AR10 -> 0
H73: =AN11 -> 0 | I73: =AO11 -> 0 | J73: =AP11 -> 0 | K73: =AQ11 -> 0 | L73: =AR11 -> 0
H74: =AT2 -> 0 | I74: =AU2 -> 0 | J74: =AV2 -> 0 | K74: =AW2 -> 0 | L74: =AX2 -> 0
H75: =AT3 -> 0 | I75: =AU3 -> 0 | J75: =AV3 -> 0 | K75: =AW3 -> 0 | L75: =AX3 -> 0
H76: =AT4 -> 0 | I76: =AU4 -> 0 | J76: =AV4 -> 0 | K76: =AW4 -> 0 | L76: =AX4 -> 0
H77: =AT5 -> 0 | I77: =AU5 -> 0 | J77: =AV5 -> 0 | K77: =AW5 -> 0 | L77: =AX5 -> 0
H78: =AT6 -> 0 | I78: =AU6 -> 0 | J78: =AV6 -> 0 | K78: =AW6 -> 0 | L78: =AX6 -> 0
H79: =AT7 -> 0 | I79: =AU7 -> 0 | J79: =AV7 -> 0 | K79: =AW7 -> 0 | L79: =AX7 -> 0
H80: =AT8 -> 0 | I80: =AU8 -> 0 | J80: =AV8 -> 0 | K80: =AW8 -> 0 | L80: =AX8 -> 0
H81: =AT9 -> 0 | I81: =AU9 -> 0 | J81: =AV9 -> 0 | K81: =AW9 -> 0 | L81: =AX9 -> 0
H82: =AT10 -> 0 | I82: =AU10 -> 0 | J82: =AV10 -> 0 | K82: =AW10 -> 0 | L82: =AX10 -> 0
H83: =AT11 -> 0 | I83: =AU11 -> 0 | J83: =AV11 -> 0 | K83: =AW11 -> 0 | L83: =AX11 -> 0
H84: =AZ2 -> 0 | I84: =BA2 -> 0 | J84: =BB2 -> 0 | K84: =BC2 -> 0 | L84: =BD2 -> 0
H85: =AZ3 -> 0 | I85: =BA3 -> 0 | J85: =BB3 -> 0 | K85: =BC3 -> 0 | L85: =BD3 -> 0
H86: =AZ4 -> 0 | I86: =BA4 -> 0 | J86: =BB4 -> 0 | K86: =BC4 -> 0 | L86: =BD4 -> 0
H87: =AZ5 -> 0 | I87: =BA5 -> 0 | J87: =BB5 -> 0 | K87: =BC5 -> 0 | L87: =BD5 -> 0
H88: =AZ6 -> 0 | I88: =BA6 -> 0 | J88: =BB6 -> 0 | K88: =BC6 -> 0 | L88: =BD6 -> 0
H89: =AZ7 -> 0 | I89: =BA7 -> 0 | J89: =BB7 -> 0 | K89: =BC7 -> 0 | L89: =BD7 -> 0
H90: =AZ8 -> 0 | I90: =BA8 -> 0 | J90: =BB8 -> 0 | K90: =BC8 -> 0 | L90: =BD8 -> 0
H91: =AZ9 -> 0 | I91: =BA9 -> 0 | J91: =BB9 -> 0 | K91: =BC9 -> 0 | L91: =BD9 -> 0
H92: =AZ10 -> 0 | I92: =BA10 -> 0 | J92: =BB10 -> 0 | K92: =BC10 -> 0 | L92: =BD10 -> 0
H93: =AZ11 -> 0 | I93: =BA11 -> 0 | J93: =BB11 -> 0 | K93: =BC11 -> 0 | L93: =BD11 -> 0
H94: =BF2 -> 0 | I94: =BG2 -> 0 | J94: =BH2 -> 0 | K94: =BI2 -> 0 | L94: =BJ2 -> 0
H95: =BF3 -> 0 | I95: =BG3 -> 0 | J95: =BH3 -> 0 | K95: =BI3 -> 0 | L95: =BJ3 -> 0
H96: =BF4 -> 0 | I96: =BG4 -> 0 | J96: =BH4 -> 0 | K96: =BI4 -> 0 | L96: =BJ4 -> 0
H97: =BF5 -> 0 | I97: =BG5 -> 0 | J97: =BH5 -> 0 | K97: =BI5 -> 0 | L97: =BJ5 -> 0
H98: =BF6 -> 0 | I98: =BG6 -> 0 | J98: =BH6 -> 0 | K98: =BI6 -> 0 | L98: =BJ6 -> 0
H99: =BF7 -> 0 | I99: =BG7 -> 0 | J99: =BH7 -> 0 | K99: =BI7 -> 0 | L99: =BJ7 -> 0
H100: =BF8 -> 0 | I100: =BG8 -> 0 | J100: =BH8 -> 0 | K100: =BI8 -> 0 | L100: =BJ8 -> 0
H101: =BF9 -> 0 | I101: =BG9 -> 0 | J101: =BH9 -> 0 | K101: =BI9 -> 0 | L101: =BJ9 -> 0
H102: =BF10 -> 0 | I102: =BG10 -> 0 | J102: =BH10 -> 0 | K102: =BI10 -> 0 | L102: =BJ10 -> 0
H103: =BF11 -> 0 | I103: =BG11 -> 0 | J103: =BH11 -> 0 | K103: =BI11 -> 0 | L103: =BJ11 -> 0
H104: =BL2 -> 0 | I104: =BM2 -> 0 | J104: =BN2 -> 0 | K104: =BO2 -> 0 | L104: =BP2 -> 0
H105: =BL3 -> 0 | I105: =BM3 -> 0 | J105: =BN3 -> 0 | K105: =BO3 -> 0 | L105: =BP3 -> 0
H106: =BL4 -> 0 | I106: =BM4 -> 0 | J106: =BN4 -> 0 | K106: =BO4 -> 0 | L106: =BP4 -> 0
H107: =BL5 -> 0 | I107: =BM5 -> 0 | J107: =BN5 -> 0 | K107: =BO5 -> 0 | L107: =BP5 -> 0
H108: =BL6 -> 0 | I108: =BM6 -> 0 | J108: =BN6 -> 0 | K108: =BO6 -> 0 | L108: =BP6 -> 0
H109: =BL7 -> 0 | I109: =BM7 -> 0 | J109: =BN7 -> 0 | K109: =BO7 -> 0 | L109: =BP7 -> 0
H110: =BL8 -> 0 | I110: =BM8 -> 0 | J110: =BN8 -> 0 | K110: =BO8 -> 0 | L110: =BP8 -> 0
H111: =BL9 -> 0 | I111: =BM9 -> 0 | J111: =BN9 -> 0 | K111: =BO9 -> 0 | L111: =BP9 -> 0
...

Sheet N & S1
A1: Order ID | B1: Date | C1: Sales | D1: New Party | E1: Route | F1: Party Code | G1: Party Name | H1: Area | I1: Remarks | J1: Tank | K1: Size | L1: Qty | M1: Col | N1: Lay | O1: Rate | P1: Tank | Q1: Size | R1: Qty | S1: Col | T1: Lay | U1: Rate | V1: Tank | W1: Size | X1: Qty | Y1: Col | Z1: Lay | AA1: Rate | AB1: Tank | AC1: Size | AD1: Qty | AE1: Col | AF1: Lay | AG1: Rate | AH1: Tank | AI1: Size | AJ1: Qty | AK1: Col | AL1: Lay | AM1: Rate | AN1: Tank | AO1: Size | AP1: Qty | AQ1: Col | AR1: Lay | AS1: Rate | AT1: Tank | AU1: Size | AV1: Qty | AW1: Col | AX1: Lay | AY1: Rate | AZ1: Tank | BA1: Size | BB1: Qty | BC1: Col | BD1: Lay | BE1: Rate | BF1: Tank | BG1: Size | BH1: Qty | BI1: Col | BJ1: Lay | BK1: Rate | BL1: Tank | BM1: Size | BN1: Qty | BO1: Col | BP1: Lay | BQ1: Rate | BR1: Terms | BS1: Site Delivery | BT1: Ltrs
A2: 21420 | B2: 46031 | C2: A/C | D2: No | E2: AP | F2: AP08 | G2: PAWAN PUTRA AGENCY | H2: TIRUPATHI | J2: AG | K2: 1500 | L2: 8 | M2: Y | N2: 3L | O2: 3.5 | P2: AG | Q2: 1000 | R2: 10 | S2: Y | T2: 3L | U2: 3.5 | V2: AG | W2: 750 | X2: 10 | Y2: Y | Z2: 3L | AA2: 3.5 | AB2: AG | AC2: 500 | AD2: 20 | AE2: Y | AF2: 3L | AG2: 3.5 | BR2: COD | BS2: 3L-0.50 | BT2: =K2*L2+Q2*R2+W2*X2+AC2*AD2+AI2*AJ2+AO2*AP2+AU2*AV2+BA2*BB2+BG2*BH2+BM2*BN2 -> 39500
H14: =J2 -> AG | I14: =K2 -> 1500 | J14: =L2 -> 8 | K14: =M2 -> Y | L14: =N2 -> 3L | O14: =J2 -> AG | P14: =N2 -> 3L | Q14: =O2 -> 3.5 | R14: =P2 -> AG | S14: =T2 -> 3L | T14: =U2 -> 3.5 | U14: =V2 -> AG | V14: =Z2 -> 3L | W14: =AA2 -> 3.5 | X14: =AB2 -> AG | Y14: =AF2 -> 3L | Z14: =AG2 -> 3.5 | AA14: =AH2 -> 0 | AB14: =AL2 -> 0 | AC14: =AM2 -> 0 | AD14: =AN2 -> 0 | AE14: =AR2 -> 0 | AF14: =AS2 -> 0 | AG14: =AT2 -> 0 | AH14: =AX2 -> 0 | AI14: =AY2 -> 0 | AJ14: =AZ2 -> 0 | AK14: =BD2 -> 0 | AL14: =BE2 -> 0 | AM14: =BF2 -> 0 | AN14: =BJ2 -> 0 | AO14: =BK2 -> 0 | AP14: =BL2 -> 0 | AQ14: =BP2 -> 0 | AR14: =BQ2 -> 0 | AT14: 1 | AU14: =IF($P$14="3L",$Q$14,IF($S$14="3L",$T$14,IF($V$14="3L",$W$14,IF($Y$14="3L",$Z$14,IF($AB$14="3L",$AC$14,IF($AE$14="3L",$AF$14,IF($AH$14="3L",$AI$14,IF($AK$14="3L",$AL$14,IF($AN$14="3L",$AO$14,IF($AQ$14="3L",$AR$14,"")))))))))) -> 3.5 | AV14: =IF($P$14="4L",$Q$14,IF($S$14="4L",$T$14,IF($V$14="4L",$W$14,IF($Y$14="4L",$Z$14,IF($AB$14="4L",$AC$14,IF($AE$14="4L",$AF$14,IF($AH$14="4L",$AI$14,IF($AK$14="4L",$AL$14,IF($AN$14="4L",$AO$14,IF($AQ$14="4L",$AR$14,"")))))))))) | AW14: =IF($P$14="5L",$Q$14,IF($S$14="5L",$T$14,IF($V$14="5L",$W$14,IF($Y$14="5L",$Z$14,IF($AB$14="5L",$AC$14,IF($AE$14="5L",$AF$14,IF($AH$14="5L",$AI$14,IF($AK$14="5L",$AL$14,IF($AN$14="5L",$AO$14,IF($AQ$14="5L",$AR$14,"")))))))))) | AX14: =IF($P$14="6L",$Q$14,IF($S$14="6L",$T$14,IF($V$14="6L",$W$14,IF($Y$14="6L",$Z$14,IF($AB$14="6L",$AC$14,IF($AE$14="6L",$AF$14,IF($AH$14="6L",$AI$14,IF($AK$14="6L",$AL$14,IF($AN$14="6L",$AO$14,IF($AQ$14="6L",$AR$14,"")))))))))) | AY14: =IF($P$14="7L",$Q$14,IF($S$14="7L",$T$14,IF($V$14="7L",$W$14,IF($Y$14="7L",$Z$14,IF($AB$14="7L",$AC$14,IF($AE$14="7L",$AF$14,IF($AH$14="7L",$AI$14,IF($AK$14="7L",$AL$14,IF($AN$14="7L",$AO$14,IF($AQ$14="7L",$AR$14,"")))))))))) | AZ14: =IF($O$14="LOFT",$Q$14,IF($R$14="LOFT",$T$14,IF($U$14="LOFT",$W$14,IF($X$14="LOFT",$Z$14,IF($AA$14="LOFT",$AC$14,IF($AD$14="LOFT",$AF$14,IF($AG$14="LOFT",$AI$14,IF($AJ$14="LOFT",$AL$14,IF($AM$14="LOFT",$AO$14,IF($AP$14="LOFT",$AR$14,"")))))))))) | BA14: =IF($O$14="UT",$Q$14,IF($R$14="UT",$T$14,IF($U$14="UT",$W$14,IF($X$14="UT",$Z$14,IF($AA$14="UT",$AC$14,IF($AD$14="UT",$AF$14,IF($AG$14="UT",$AI$14,IF($AJ$14="UT",$AL$14,IF($AM$14="UT",$AO$14,IF($AP$14="UT",$AR$14,"")))))))))) | BB14: =IF($O$14="HT",$Q$14,IF($R$14="HT",$T$14,IF($U$14="HT",$W$14,IF($X$14="HT",$Z$14,IF($AA$14="HT",$AC$14,IF($AD$14="HT",$AF$14,IF($AG$14="HT",$AI$14,IF($AJ$14="HT",$AL$14,IF($AM$14="HT",$AO$14,IF($AP$14="HT",$AR$14,"")))))))))) | BC14: =IF($O$14="PURE",$Q$14,IF($R$14="PURE",$T$14,IF($U$14="PURE",$W$14,IF($X$14="PURE",$Z$14,IF($AA$14="PURE",$AC$14,IF($AD$14="PURE",$AF$14,IF($AG$14="PURE",$AI$14,IF($AJ$14="PURE",$AL$14,IF($AM$14="PURE",$AO$14,IF($AP$14="PURE",$AR$14,"")))))))))) | BD14: =IF($P$14="FUM",$Q$14,IF($S$14="FUM",$T$14,IF($V$14="FUM",$W$14,IF($Y$14="FUM",$Z$14,IF($AB$14="FUM",$AC$14,IF($AE$14="FUM",$AF$14,IF($AH$14="FUM",$AI$14,IF($AK$14="FUM",$AL$14,IF($AN$14="FUM",$AO$14,IF($AQ$14="FUM",$AR$14,""))))))))))
H15: =J3 -> 0 | I15: =K3 -> 0 | J15: =L3 -> 0 | K15: =M3 -> 0 | L15: =N3 -> 0 | O15: =J3 -> 0 | P15: =N3 -> 0 | Q15: =O3 -> 0 | R15: =P3 -> 0 | S15: =T3 -> 0 | T15: =U3 -> 0 | U15: =V3 -> 0 | V15: =Z3 -> 0 | W15: =AA3 -> 0 | X15: =AB3 -> 0 | Y15: =AF3 -> 0 | Z15: =AG3 -> 0 | AA15: =AH3 -> 0 | AB15: =AL3 -> 0 | AC15: =AM3 -> 0 | AD15: =AN3 -> 0 | AE15: =AR3 -> 0 | AF15: =AS3 -> 0 | AG15: =AT3 -> 0 | AH15: =AX3 -> 0 | AI15: =AY3 -> 0 | AJ15: =AZ3 -> 0 | AK15: =BD3 -> 0 | AL15: =BE3 -> 0 | AM15: =BF3 -> 0 | AN15: =BJ3 -> 0 | AO15: =BK3 -> 0 | AP15: =BL3 -> 0 | AQ15: =BP3 -> 0 | AR15: =BQ3 -> 0 | AT15: 2 | AU15: =IF($P$15="3L",$Q$15,IF($S$15="3L",$T$15,IF($V$15="3L",$W$15,IF($Y$15="3L",$Z$15,IF($AB$15="3L",$AC$15,IF($AE$15="3L",$AF$15,IF($AH$15="3L",$AI$15,IF($AK$15="3L",$AL$15,IF($AN$15="3L",$AO$15,IF($AQ$15="3L",$AR$15,"")))))))))) | AV15: =IF($P$15="4L",$Q$15,IF($S$15="4L",$T$15,IF($V$15="4L",$W$15,IF($Y$15="4L",$Z$15,IF($AB$15="4L",$AC$15,IF($AE$15="4L",$AF$15,IF($AH$15="4L",$AI$15,IF($AK$15="4L",$AL$15,IF($AN$15="4L",$AO$15,IF($AQ$15="4L",$AR$15,"")))))))))) | AW15: =IF($P$15="5L",$Q$15,IF($S$15="5L",$T$15,IF($V$15="5L",$W$15,IF($Y$15="5L",$Z$15,IF($AB$15="5L",$AC$15,IF($AE$15="5L",$AF$15,IF($AH$15="5L",$AI$15,IF($AK$15="5L",$AL$15,IF($AN$15="5L",$AO$15,IF($AQ$15="5L",$AR$15,"")))))))))) | AX15: =IF($P$15="6L",$Q$15,IF($S$15="6L",$T$15,IF($V$15="6L",$W$15,IF($Y$15="6L",$Z$15,IF($AB$15="6L",$AC$15,IF($AE$15="6L",$AF$15,IF($AH$15="6L",$AI$15,IF($AK$15="6L",$AL$15,IF($AN$15="6L",$AO$15,IF($AQ$15="6L",$AR$15,"")))))))))) | AY15: =IF($P$15="7L",$Q$15,IF($S$15="7L",$T$15,IF($V$15="7L",$W$15,IF($Y$15="7L",$Z$15,IF($AB$15="7L",$AC$15,IF($AE$15="7L",$AF$15,IF($AH$15="7L",$AI$15,IF($AK$15="7L",$AL$15,IF($AN$15="7L",$AO$15,IF($AQ$15="7L",$AR$15,"")))))))))) | AZ15: =IF($O$14="LOFT",$Q$14,IF($R$14="LOFT",$T$14,IF($U$14="LOFT",$W$14,IF($X$14="LOFT",$Z$14,IF($AA$14="LOFT",$AC$14,IF($AD$14="LOFT",$AF$14,IF($AG$14="LOFT",$AI$14,IF($AJ$14="LOFT",$AL$14,IF($AM$14="LOFT",$AO$14,IF($AP$14="LOFT",$AR$14,"")))))))))) | BA15: =IF($O$14="UT",$Q$14,IF($R$14="UT",$T$14,IF($U$14="UT",$W$14,IF($X$14="UT",$Z$14,IF($AA$14="UT",$AC$14,IF($AD$14="UT",$AF$14,IF($AG$14="UT",$AI$14,IF($AJ$14="UT",$AL$14,IF($AM$14="UT",$AO$14,IF($AP$14="UT",$AR$14,"")))))))))) | BB15: =IF($O$14="HT",$Q$14,IF($R$14="HT",$T$14,IF($U$14="HT",$W$14,IF($X$14="HT",$Z$14,IF($AA$14="HT",$AC$14,IF($AD$14="HT",$AF$14,IF($AG$14="HT",$AI$14,IF($AJ$14="HT",$AL$14,IF($AM$14="HT",$AO$14,IF($AP$14="HT",$AR$14,"")))))))))) | BC15: =IF($O$14="PURE",$Q$14,IF($R$14="PURE",$T$14,IF($U$14="PURE",$W$14,IF($X$14="PURE",$Z$14,IF($AA$14="PURE",$AC$14,IF($AD$14="PURE",$AF$14,IF($AG$14="PURE",$AI$14,IF($AJ$14="PURE",$AL$14,IF($AM$14="PURE",$AO$14,IF($AP$14="PURE",$AR$14,"")))))))))) | BD15: =IF($P$15="FUM",$Q$15,IF($S$15="FUM",$T$15,IF($V$15="FUM",$W$15,IF($Y$15="FUM",$Z$15,IF($AB$15="FUM",$AC$15,IF($AE$15="FUM",$AF$15,IF($AH$15="FUM",$AI$15,IF($AK$15="FUM",$AL$15,IF($AN$15="FUM",$AO$15,IF($AQ$15="FUM",$AR$15,""))))))))))
H16: =J4 -> 0 | I16: =K4 -> 0 | J16: =L4 -> 0 | K16: =M4 -> 0 | L16: =N4 -> 0 | O16: =J4 -> 0 | P16: =N4 -> 0 | Q16: =O4 -> 0 | R16: =P4 -> 0 | S16: =T4 -> 0 | T16: =U4 -> 0 | U16: =V4 -> 0 | V16: =Z4 -> 0 | W16: =AA4 -> 0 | X16: =AB4 -> 0 | Y16: =AF4 -> 0 | Z16: =AG4 -> 0 | AA16: =AH4 -> 0 | AB16: =AL4 -> 0 | AC16: =AM4 -> 0 | AD16: =AN4 -> 0 | AE16: =AR4 -> 0 | AF16: =AS4 -> 0 | AG16: =AT4 -> 0 | AH16: =AX4 -> 0 | AI16: =AY4 -> 0 | AJ16: =AZ4 -> 0 | AK16: =BD4 -> 0 | AL16: =BE4 -> 0 | AM16: =BF4 -> 0 | AN16: =BJ4 -> 0 | AO16: =BK4 -> 0 | AP16: =BL4 -> 0 | AQ16: =BP4 -> 0 | AR16: =BQ4 -> 0 | AT16: 3 | AU16: =IF($P$16="3L",$Q$16,IF($S$16="3L",$T$16,IF($V$16="3L",$W$16,IF($Y$16="3L",$Z$16,IF($AB$16="3L",$AC$16,IF($AE$16="3L",$AF$16,IF($AH$16="3L",$AI$16,IF($AK$16="3L",$AL$16,IF($AN$16="3L",$AO$16,IF($AQ$16="3L",$AR$16,"")))))))))) | AV16: =IF($P$16="4L",$Q$16,IF($S$16="4L",$T$16,IF($V$16="4L",$W$16,IF($Y$16="4L",$Z$16,IF($AB$16="4L",$AC$16,IF($AE$16="4L",$AF$16,IF($AH$16="4L",$AI$16,IF($AK$16="4L",$AL$16,IF($AN$16="4L",$AO$16,IF($AQ$16="4L",$AR$16,"")))))))))) | AW16: =IF($P$16="5L",$Q$16,IF($S$16="5L",$T$16,IF($V$16="5L",$W$16,IF($Y$16="5L",$Z$16,IF($AB$16="5L",$AC$16,IF($AE$16="5L",$AF$16,IF($AH$16="5L",$AI$16,IF($AK$16="5L",$AL$16,IF($AN$16="5L",$AO$16,IF($AQ$16="5L",$AR$16,"")))))))))) | AX16: =IF($P$16="6L",$Q$16,IF($S$16="6L",$T$16,IF($V$16="6L",$W$16,IF($Y$16="6L",$Z$16,IF($AB$16="6L",$AC$16,IF($AE$16="6L",$AF$16,IF($AH$16="6L",$AI$16,IF($AK$16="6L",$AL$16,IF($AN$16="6L",$AO$16,IF($AQ$16="6L",$AR$16,"")))))))))) | AY16: =IF($P$16="7L",$Q$16,IF($S$16="7L",$T$16,IF($V$16="7L",$W$16,IF($Y$16="7L",$Z$16,IF($AB$16="7L",$AC$16,IF($AE$16="7L",$AF$16,IF($AH$16="7L",$AI$16,IF($AK$16="7L",$AL$16,IF($AN$16="7L",$AO$16,IF($AQ$16="7L",$AR$16,"")))))))))) | AZ16: =IF($O$14="LOFT",$Q$14,IF($R$14="LOFT",$T$14,IF($U$14="LOFT",$W$14,IF($X$14="LOFT",$Z$14,IF($AA$14="LOFT",$AC$14,IF($AD$14="LOFT",$AF$14,IF($AG$14="LOFT",$AI$14,IF($AJ$14="LOFT",$AL$14,IF($AM$14="LOFT",$AO$14,IF($AP$14="LOFT",$AR$14,"")))))))))) | BA16: =IF($O$14="UT",$Q$14,IF($R$14="UT",$T$14,IF($U$14="UT",$W$14,IF($X$14="UT",$Z$14,IF($AA$14="UT",$AC$14,IF($AD$14="UT",$AF$14,IF($AG$14="UT",$AI$14,IF($AJ$14="UT",$AL$14,IF($AM$14="UT",$AO$14,IF($AP$14="UT",$AR$14,"")))))))))) | BB16: =IF($O$14="HT",$Q$14,IF($R$14="HT",$T$14,IF($U$14="HT",$W$14,IF($X$14="HT",$Z$14,IF($AA$14="HT",$AC$14,IF($AD$14="HT",$AF$14,IF($AG$14="HT",$AI$14,IF($AJ$14="HT",$AL$14,IF($AM$14="HT",$AO$14,IF($AP$14="HT",$AR$14,"")))))))))) | BC16: =IF($O$14="PURE",$Q$14,IF($R$14="PURE",$T$14,IF($U$14="PURE",$W$14,IF($X$14="PURE",$Z$14,IF($AA$14="PURE",$AC$14,IF($AD$14="PURE",$AF$14,IF($AG$14="PURE",$AI$14,IF($AJ$14="PURE",$AL$14,IF($AM$14="PURE",$AO$14,IF($AP$14="PURE",$AR$14,"")))))))))) | BD16: =IF($P$16="FUM",$Q$16,IF($S$16="FUM",$T$16,IF($V$16="FUM",$W$16,IF($Y$16="FUM",$Z$16,IF($AB$16="FUM",$AC$16,IF($AE$16="FUM",$AF$16,IF($AH$16="FUM",$AI$16,IF($AK$16="FUM",$AL$16,IF($AN$16="FUM",$AO$16,IF($AQ$16="FUM",$AR$16,""))))))))))
H17: =J5 -> 0 | I17: =K5 -> 0 | J17: =L5 -> 0 | K17: =M5 -> 0 | L17: =N5 -> 0 | O17: =J5 -> 0 | P17: =N5 -> 0 | Q17: =O5 -> 0 | R17: =P5 -> 0 | S17: =T5 -> 0 | T17: =U5 -> 0 | U17: =V5 -> 0 | V17: =Z5 -> 0 | W17: =AA5 -> 0 | X17: =AB5 -> 0 | Y17: =AF5 -> 0 | Z17: =AG5 -> 0 | AA17: =AH5 -> 0 | AB17: =AL5 -> 0 | AC17: =AM5 -> 0 | AD17: =AN5 -> 0 | AE17: =AR5 -> 0 | AF17: =AS5 -> 0 | AG17: =AT5 -> 0 | AH17: =AX5 -> 0 | AI17: =AY5 -> 0 | AJ17: =AZ5 -> 0 | AK17: =BD5 -> 0 | AL17: =BE5 -> 0 | AM17: =BF5 -> 0 | AN17: =BJ5 -> 0 | AO17: =BK5 -> 0 | AP17: =BL5 -> 0 | AQ17: =BP5 -> 0 | AR17: =BQ5 -> 0 | AT17: 4 | AU17: =IF($P$17="3L",$Q$17,IF($S$17="3L",$T$17,IF($V$17="3L",$W$17,IF($Y$17="3L",$Z$17,IF($AB$17="3L",$AC$17,IF($AE$17="3L",$AF$17,IF($AH$17="3L",$AI$17,IF($AK$17="3L",$AL$17,IF($AN$17="3L",$AO$17,IF($AQ$17="3L",$AR$17,"")))))))))) | AV17: =IF($P$17="4L",$Q$17,IF($S$17="4L",$T$17,IF($V$17="4L",$W$17,IF($Y$17="4L",$Z$17,IF($AB$17="4L",$AC$17,IF($AE$17="4L",$AF$17,IF($AH$17="4L",$AI$17,IF($AK$17="4L",$AL$17,IF($AN$17="4L",$AO$17,IF($AQ$17="4L",$AR$17,"")))))))))) | AW17: =IF($P$17="5L",$Q$17,IF($S$17="5L",$T$17,IF($V$17="5L",$W$17,IF($Y$17="5L",$Z$17,IF($AB$17="5L",$AC$17,IF($AE$17="5L",$AF$17,IF($AH$17="5L",$AI$17,IF($AK$17="5L",$AL$17,IF($AN$17="5L",$AO$17,IF($AQ$17="5L",$AR$17,"")))))))))) | AX17: =IF($P$17="6L",$Q$17,IF($S$17="6L",$T$17,IF($V$17="6L",$W$17,IF($Y$17="6L",$Z$17,IF($AB$17="6L",$AC$17,IF($AE$17="6L",$AF$17,IF($AH$17="6L",$AI$17,IF($AK$17="6L",$AL$17,IF($AN$17="6L",$AO$17,IF($AQ$17="6L",$AR$17,"")))))))))) | AY17: =IF($P$17="7L",$Q$17,IF($S$17="7L",$T$17,IF($V$17="7L",$W$17,IF($Y$17="7L",$Z$17,IF($AB$17="7L",$AC$17,IF($AE$17="7L",$AF$17,IF($AH$17="7L",$AI$17,IF($AK$17="7L",$AL$17,IF($AN$17="7L",$AO$17,IF($AQ$17="7L",$AR$17,"")))))))))) | AZ17: =IF($O$14="LOFT",$Q$14,IF($R$14="LOFT",$T$14,IF($U$14="LOFT",$W$14,IF($X$14="LOFT",$Z$14,IF($AA$14="LOFT",$AC$14,IF($AD$14="LOFT",$AF$14,IF($AG$14="LOFT",$AI$14,IF($AJ$14="LOFT",$AL$14,IF($AM$14="LOFT",$AO$14,IF($AP$14="LOFT",$AR$14,"")))))))))) | BA17: =IF($O$14="UT",$Q$14,IF($R$14="UT",$T$14,IF($U$14="UT",$W$14,IF($X$14="UT",$Z$14,IF($AA$14="UT",$AC$14,IF($AD$14="UT",$AF$14,IF($AG$14="UT",$AI$14,IF($AJ$14="UT",$AL$14,IF($AM$14="UT",$AO$14,IF($AP$14="UT",$AR$14,"")))))))))) | BB17: =IF($O$14="HT",$Q$14,IF($R$14="HT",$T$14,IF($U$14="HT",$W$14,IF($X$14="HT",$Z$14,IF($AA$14="HT",$AC$14,IF($AD$14="HT",$AF$14,IF($AG$14="HT",$AI$14,IF($AJ$14="HT",$AL$14,IF($AM$14="HT",$AO$14,IF($AP$14="HT",$AR$14,"")))))))))) | BC17: =IF($O$14="PURE",$Q$14,IF($R$14="PURE",$T$14,IF($U$14="PURE",$W$14,IF($X$14="PURE",$Z$14,IF($AA$14="PURE",$AC$14,IF($AD$14="PURE",$AF$14,IF($AG$14="PURE",$AI$14,IF($AJ$14="PURE",$AL$14,IF($AM$14="PURE",$AO$14,IF($AP$14="PURE",$AR$14,"")))))))))) | BD17: =IF($P$17="FUM",$Q$17,IF($S$17="FUM",$T$17,IF($V$17="FUM",$W$17,IF($Y$17="FUM",$Z$17,IF($AB$17="FUM",$AC$17,IF($AE$17="FUM",$AF$17,IF($AH$17="FUM",$AI$17,IF($AK$17="FUM",$AL$17,IF($AN$17="FUM",$AO$17,IF($AQ$17="FUM",$AR$17,""))))))))))
H18: =J6 -> 0 | I18: =K6 -> 0 | J18: =L6 -> 0 | K18: =M6 -> 0 | L18: =N6 -> 0 | O18: =J6 -> 0 | P18: =N6 -> 0 | Q18: =O6 -> 0 | R18: =P6 -> 0 | S18: =T6 -> 0 | T18: =U6 -> 0 | U18: =V6 -> 0 | V18: =Z6 -> 0 | W18: =AA6 -> 0 | X18: =AB6 -> 0 | Y18: =AF6 -> 0 | Z18: =AG6 -> 0 | AA18: =AH6 -> 0 | AB18: =AL6 -> 0 | AC18: =AM6 -> 0 | AD18: =AN6 -> 0 | AE18: =AR6 -> 0 | AF18: =AS6 -> 0 | AG18: =AT6 -> 0 | AH18: =AX6 -> 0 | AI18: =AY6 -> 0 | AJ18: =AZ6 -> 0 | AK18: =BD6 -> 0 | AL18: =BE6 -> 0 | AM18: =BF6 -> 0 | AN18: =BJ6 -> 0 | AO18: =BK6 -> 0 | AP18: =BL6 -> 0 | AQ18: =BP6 -> 0 | AR18: =BQ6 -> 0 | AT18: 5 | AU18: =IF($P$18="3L",$Q$18,IF($S$18="3L",$T$18,IF($V$18="3L",$W$18,IF($Y$18="3L",$Z$18,IF($AB$18="3L",$AC$18,IF($AE$18="3L",$AF$18,IF($AH$18="3L",$AI$18,IF($AK$18="3L",$AL$18,IF($AN$18="3L",$AO$18,IF($AQ$18="3L",$AR$18,"")))))))))) | AV18: =IF($P$18="4L",$Q$18,IF($S$18="4L",$T$18,IF($V$18="4L",$W$18,IF($Y$18="4L",$Z$18,IF($AB$18="4L",$AC$18,IF($AE$18="4L",$AF$18,IF($AH$18="4L",$AI$18,IF($AK$18="4L",$AL$18,IF($AN$18="4L",$AO$18,IF($AQ$18="4L",$AR$18,"")))))))))) | AW18: =IF($P$18="5L",$Q$18,IF($S$18="5L",$T$18,IF($V$18="5L",$W$18,IF($Y$18="5L",$Z$18,IF($AB$18="5L",$AC$18,IF($AE$18="5L",$AF$18,IF($AH$18="5L",$AI$18,IF($AK$18="5L",$AL$18,IF($AN$18="5L",$AO$18,IF($AQ$18="5L",$AR$18,"")))))))))) | AX18: =IF($P$18="6L",$Q$18,IF($S$18="6L",$T$18,IF($V$18="6L",$W$18,IF($Y$18="6L",$Z$18,IF($AB$18="6L",$AC$18,IF($AE$18="6L",$AF$18,IF($AH$18="6L",$AI$18,IF($AK$18="6L",$AL$18,IF($AN$18="6L",$AO$18,IF($AQ$18="6L",$AR$18,"")))))))))) | AY18: =IF($P$18="7L",$Q$18,IF($S$18="7L",$T$18,IF($V$18="7L",$W$18,IF($Y$18="7L",$Z$18,IF($AB$18="7L",$AC$18,IF($AE$18="7L",$AF$18,IF($AH$18="7L",$AI$18,IF($AK$18="7L",$AL$18,IF($AN$18="7L",$AO$18,IF($AQ$18="7L",$AR$18,"")))))))))) | AZ18: =IF($O$14="LOFT",$Q$14,IF($R$14="LOFT",$T$14,IF($U$14="LOFT",$W$14,IF($X$14="LOFT",$Z$14,IF($AA$14="LOFT",$AC$14,IF($AD$14="LOFT",$AF$14,IF($AG$14="LOFT",$AI$14,IF($AJ$14="LOFT",$AL$14,IF($AM$14="LOFT",$AO$14,IF($AP$14="LOFT",$AR$14,"")))))))))) | BA18: =IF($O$14="UT",$Q$14,IF($R$14="UT",$T$14,IF($U$14="UT",$W$14,IF($X$14="UT",$Z$14,IF($AA$14="UT",$AC$14,IF($AD$14="UT",$AF$14,IF($AG$14="UT",$AI$14,IF($AJ$14="UT",$AL$14,IF($AM$14="UT",$AO$14,IF($AP$14="UT",$AR$14,"")))))))))) | BB18: =IF($O$14="HT",$Q$14,IF($R$14="HT",$T$14,IF($U$14="HT",$W$14,IF($X$14="HT",$Z$14,IF($AA$14="HT",$AC$14,IF($AD$14="HT",$AF$14,IF($AG$14="HT",$AI$14,IF($AJ$14="HT",$AL$14,IF($AM$14="HT",$AO$14,IF($AP$14="HT",$AR$14,"")))))))))) | BC18: =IF($O$14="PURE",$Q$14,IF($R$14="PURE",$T$14,IF($U$14="PURE",$W$14,IF($X$14="PURE",$Z$14,IF($AA$14="PURE",$AC$14,IF($AD$14="PURE",$AF$14,IF($AG$14="PURE",$AI$14,IF($AJ$14="PURE",$AL$14,IF($AM$14="PURE",$AO$14,IF($AP$14="PURE",$AR$14,"")))))))))) | BD18: =IF($P$18="FUM",$Q$18,IF($S$18="FUM",$T$18,IF($V$18="FUM",$W$18,IF($Y$18="FUM",$Z$18,IF($AB$18="FUM",$AC$18,IF($AE$18="FUM",$AF$18,IF($AH$18="FUM",$AI$18,IF($AK$18="FUM",$AL$18,IF($AN$18="FUM",$AO$18,IF($AQ$18="FUM",$AR$18,""))))))))))
